c2137480-dda7-11e5-8ce2-8243739b73d7,cc4f4580-c063-11e4-8fee-bb83bce6af3c,5
c2137480-dda7-11e5-8ce2-8243739b73d7,77348000-cefb-11e4-922d-5b202761d597,4
c2137480-dda7-11e5-8ce2-8243739b73d7,77d46880-072d-11e5-83f8-b22ab9ace9d2,6
c2137480-dda7-11e5-8ce2-8243739b73d7,b2d71000-0bf5-11e5-aefa-2761c1c51b4b,6
c2137480-dda7-11e5-8ce2-8243739b73d7,60f18c80-1509-11e5-b328-c8e2e0b2be5f,12
c2137480-dda7-11e5-8ce2-8243739b73d7,d6f61080-163b-11e5-862e-d900258a186f,6
c2137480-dda7-11e5-8ce2-8243739b73d7,86c46e00-5f0a-11e5-bf0e-669bc61c9e84,10
c2137480-dda7-11e5-8ce2-8243739b73d7,1dbbd780-71e4-11e5-aa5a-08dc3492ac1a,6
c2137480-dda7-11e5-8ce2-8243739b73d7,7916dd80-88e8-11e5-bcc3-2eea3f4b0271,4
c2137480-dda7-11e5-8ce2-8243739b73d7,f41d2100-c0ed-11e5-88ef-3f4bc510e51f,10
c2137480-dda7-11e5-8ce2-8243739b73d7,5255d800-c9fb-11e5-b9a6-71633a4dd8ab,6
c2137480-dda7-11e5-8ce2-8243739b73d7,c65f7c80-d327-11e5-b92d-7e1171d66ccb,15
c2137480-dda7-11e5-8ce2-8243739b73d7,939cac00-08b5-11e6-89f6-2d1c116d989e,9
c2137480-dda7-11e5-8ce2-8243739b73d7,0d82e700-0e1a-11e6-af15-5b6b280f05fa,6
c2137480-dda7-11e5-8ce2-8243739b73d7,e3dbd980-1a2f-11e6-bcb1-c1bd91b1e760,3
c2137480-dda7-11e5-8ce2-8243739b73d7,b99e6900-1ded-11e6-9673-c938f540054a,6
c2137480-dda7-11e5-8ce2-8243739b73d7,999bad00-3460-11e6-bfcd-c076867d1cfb,6
c2137480-dda7-11e5-8ce2-8243739b73d7,8fa22d80-5a51-11e6-bec5-250a623d7835,5
c2137480-dda7-11e5-8ce2-8243739b73d7,874dad80-621c-11e6-8a27-fc759d922773,6
c2137480-dda7-11e5-8ce2-8243739b73d7,4373b000-6da7-11e6-9d28-07600e09f4fa,4
c2137480-dda7-11e5-8ce2-8243739b73d7,ebdd6c00-6f81-11e6-ac5f-f19f27fb34f3,4
c2137480-dda7-11e5-8ce2-8243739b73d7,692bcf80-6fc8-11e6-9c14-5f5253587281,12
c2137480-dda7-11e5-8ce2-8243739b73d7,2fd44e80-833f-11e6-9d64-1fd80ea49503,4
c2137480-dda7-11e5-8ce2-8243739b73d7,5c9e8500-b9c4-11e6-a278-ebac169b741b,6
c2137480-dda7-11e5-8ce2-8243739b73d7,c0f46600-d175-11e6-af8a-8870a961368a,6
c2137480-dda7-11e5-8ce2-8243739b73d7,70b9f880-d288-11e6-b126-0535e17ec5c9,3
c2137480-dda7-11e5-8ce2-8243739b73d7,e111ad80-eb97-11e6-ba3a-2865505814a6,6
c2137480-dda7-11e5-8ce2-8243739b73d7,bf935300-f0bc-11e6-a458-23b53adc98fa,6
d6f61080-163b-11e5-862e-d900258a186f,60f18c80-1509-11e5-b328-c8e2e0b2be5f,6
d6f61080-163b-11e5-862e-d900258a186f,86c46e00-5f0a-11e5-bf0e-669bc61c9e84,6
d6f61080-163b-11e5-862e-d900258a186f,8051df80-6969-11e5-9f7b-4732a5da9ae0,4
d6f61080-163b-11e5-862e-d900258a186f,ee7be980-6b97-11e5-8207-b31dacfeed77,3
d6f61080-163b-11e5-862e-d900258a186f,b10c0380-91b9-11e5-8244-089abed2d2d2,4
d6f61080-163b-11e5-862e-d900258a186f,5255d800-c9fb-11e5-b9a6-71633a4dd8ab,6
d6f61080-163b-11e5-862e-d900258a186f,c2137480-dda7-11e5-8ce2-8243739b73d7,6
d6f61080-163b-11e5-862e-d900258a186f,4373b000-6da7-11e6-9d28-07600e09f4fa,3
d6f61080-163b-11e5-862e-d900258a186f,a3664f80-77c6-11e6-adb6-8faffaff5d86,2
d6f61080-163b-11e5-862e-d900258a186f,c0f46600-d175-11e6-af8a-8870a961368a,6
d6f61080-163b-11e5-862e-d900258a186f,ba23a880-0150-11e7-bb19-0c0012efbe30,4
54c24e00-0a8f-11e6-86b1-210704a2a273,89f1c700-ed92-11e5-b32a-95e53011b70b,4
54c24e00-0a8f-11e6-86b1-210704a2a273,a5b5a100-8bee-11e6-86d5-e38632a7a2f3,4
54c24e00-0a8f-11e6-86b1-210704a2a273,bb5b8380-9f6c-11e6-b4c2-c6004815a3d9,2
54c24e00-0a8f-11e6-86b1-210704a2a273,70b9f880-d288-11e6-b126-0535e17ec5c9,4
5c9e8500-b9c4-11e6-a278-ebac169b741b,2f1beb80-d501-11e4-b7d8-3210c009407d,3
5c9e8500-b9c4-11e6-a278-ebac169b741b,1dbbd780-71e4-11e5-aa5a-08dc3492ac1a,6
5c9e8500-b9c4-11e6-a278-ebac169b741b,f41d2100-c0ed-11e5-88ef-3f4bc510e51f,6
5c9e8500-b9c4-11e6-a278-ebac169b741b,35bc2180-cf60-11e5-9e26-d650f2990c7c,3
5c9e8500-b9c4-11e6-a278-ebac169b741b,c2137480-dda7-11e5-8ce2-8243739b73d7,6
5c9e8500-b9c4-11e6-a278-ebac169b741b,0d82e700-0e1a-11e6-af15-5b6b280f05fa,6
5c9e8500-b9c4-11e6-a278-ebac169b741b,999bad00-3460-11e6-bfcd-c076867d1cfb,6
6c5f3380-7993-11e5-a7c5-81772d310f76,cc4f4580-c063-11e4-8fee-bb83bce6af3c,6
6c5f3380-7993-11e5-a7c5-81772d310f76,8b1f3900-e5c7-11e5-861e-f2fd547b8298,6
6c5f3380-7993-11e5-a7c5-81772d310f76,89f1c700-ed92-11e5-b32a-95e53011b70b,6
6c5f3380-7993-11e5-a7c5-81772d310f76,68ce0180-05f0-11e6-a1c4-18fe29315529,6
6c5f3380-7993-11e5-a7c5-81772d310f76,ec70c200-773a-11e6-b5b1-122f4b2a2426,6
6c5f3380-7993-11e5-a7c5-81772d310f76,06b73980-7de6-11e6-bec8-194c88e9da2b,3
6c5f3380-7993-11e5-a7c5-81772d310f76,32e79a80-a745-11e6-bc61-14fce9447012,3
43fa6580-6756-11e5-831c-0e7497a78dc9,b2098a80-c17d-11e4-b554-7eee90f74c0d,3
43fa6580-6756-11e5-831c-0e7497a78dc9,2f1beb80-d501-11e4-b7d8-3210c009407d,3
43fa6580-6756-11e5-831c-0e7497a78dc9,b2254300-1386-11e5-8be3-4b11c68ded7a,10
43fa6580-6756-11e5-831c-0e7497a78dc9,8dba0580-7855-11e5-bf0a-c4d5c4ea4ddd,6
43fa6580-6756-11e5-831c-0e7497a78dc9,d1932480-ad48-11e5-b39e-9e460d6e05d3,4
43fa6580-6756-11e5-831c-0e7497a78dc9,939cac00-08b5-11e6-89f6-2d1c116d989e,6
43fa6580-6756-11e5-831c-0e7497a78dc9,31caee80-4e72-11e6-9fbd-36023c580c58,4
43fa6580-6756-11e5-831c-0e7497a78dc9,4373b000-6da7-11e6-9d28-07600e09f4fa,6
43fa6580-6756-11e5-831c-0e7497a78dc9,a5b5a100-8bee-11e6-86d5-e38632a7a2f3,6
b2254300-1386-11e5-8be3-4b11c68ded7a,f2d3b080-b661-11e4-944c-1f9982fd525d,5
b2254300-1386-11e5-8be3-4b11c68ded7a,35e0d380-d0a7-11e4-9f63-0d398104b025,5
b2254300-1386-11e5-8be3-4b11c68ded7a,60f18c80-1509-11e5-b328-c8e2e0b2be5f,5
b2254300-1386-11e5-8be3-4b11c68ded7a,a0066600-4404-11e5-ac82-ae406cd0e6c8,5
b2254300-1386-11e5-8be3-4b11c68ded7a,43fa6580-6756-11e5-831c-0e7497a78dc9,10
b2254300-1386-11e5-8be3-4b11c68ded7a,ee7be980-6b97-11e5-8207-b31dacfeed77,5
b2254300-1386-11e5-8be3-4b11c68ded7a,8dba0580-7855-11e5-bf0a-c4d5c4ea4ddd,6
b2254300-1386-11e5-8be3-4b11c68ded7a,d1932480-ad48-11e5-b39e-9e460d6e05d3,9
b2254300-1386-11e5-8be3-4b11c68ded7a,939cac00-08b5-11e6-89f6-2d1c116d989e,6
b2254300-1386-11e5-8be3-4b11c68ded7a,31caee80-4e72-11e6-9fbd-36023c580c58,4
b2254300-1386-11e5-8be3-4b11c68ded7a,30007f00-66ed-11e6-857f-3a519f95dce1,5
b2254300-1386-11e5-8be3-4b11c68ded7a,4373b000-6da7-11e6-9d28-07600e09f4fa,6
b2254300-1386-11e5-8be3-4b11c68ded7a,a5b5a100-8bee-11e6-86d5-e38632a7a2f3,6
b2254300-1386-11e5-8be3-4b11c68ded7a,dfb1ff80-0f0f-11e7-8e0f-1be029378808,5
1dbbd780-71e4-11e5-aa5a-08dc3492ac1a,1e1b6380-d1fd-11e4-936b-a9109c2aa30f,3
1dbbd780-71e4-11e5-aa5a-08dc3492ac1a,77d46880-072d-11e5-83f8-b22ab9ace9d2,6
1dbbd780-71e4-11e5-aa5a-08dc3492ac1a,b2d71000-0bf5-11e5-aefa-2761c1c51b4b,6
1dbbd780-71e4-11e5-aa5a-08dc3492ac1a,f41d2100-c0ed-11e5-88ef-3f4bc510e51f,6
1dbbd780-71e4-11e5-aa5a-08dc3492ac1a,5255d800-c9fb-11e5-b9a6-71633a4dd8ab,3
1dbbd780-71e4-11e5-aa5a-08dc3492ac1a,c2137480-dda7-11e5-8ce2-8243739b73d7,6
1dbbd780-71e4-11e5-aa5a-08dc3492ac1a,0d82e700-0e1a-11e6-af15-5b6b280f05fa,6
1dbbd780-71e4-11e5-aa5a-08dc3492ac1a,999bad00-3460-11e6-bfcd-c076867d1cfb,6
1dbbd780-71e4-11e5-aa5a-08dc3492ac1a,32e79a80-a745-11e6-bc61-14fce9447012,6
1dbbd780-71e4-11e5-aa5a-08dc3492ac1a,5c9e8500-b9c4-11e6-a278-ebac169b741b,6
1dbbd780-71e4-11e5-aa5a-08dc3492ac1a,799d8a00-ef18-11e6-8ac3-83ae8992b59d,6
1dbbd780-71e4-11e5-aa5a-08dc3492ac1a,9410ed00-15c4-11e7-99bc-b567736e1d6d,6
e6e35b00-4e09-11e5-8e6f-044cf2bc3283,af88eb00-3187-11e5-b694-c292beae2888,5
e6e35b00-4e09-11e5-8e6f-044cf2bc3283,54ccbc80-bb36-11e5-9d4b-956006a8c68d,5
e6e35b00-4e09-11e5-8e6f-044cf2bc3283,2b930300-4c23-11e6-9090-51bca1f46f93,5
e6e35b00-4e09-11e5-8e6f-044cf2bc3283,1e319400-0259-11e7-b15e-6c8537ebd16e,5
799d8a00-ef18-11e6-8ac3-83ae8992b59d,77d46880-072d-11e5-83f8-b22ab9ace9d2,6
799d8a00-ef18-11e6-8ac3-83ae8992b59d,b2d71000-0bf5-11e5-aefa-2761c1c51b4b,10
799d8a00-ef18-11e6-8ac3-83ae8992b59d,1dbbd780-71e4-11e5-aa5a-08dc3492ac1a,6
799d8a00-ef18-11e6-8ac3-83ae8992b59d,999bad00-3460-11e6-bfcd-c076867d1cfb,2
799d8a00-ef18-11e6-8ac3-83ae8992b59d,d5ac6d80-960c-11e6-91a1-995bbe4f385a,4
799d8a00-ef18-11e6-8ac3-83ae8992b59d,32e79a80-a745-11e6-bc61-14fce9447012,6
799d8a00-ef18-11e6-8ac3-83ae8992b59d,1e319400-0259-11e7-b15e-6c8537ebd16e,4
799d8a00-ef18-11e6-8ac3-83ae8992b59d,9410ed00-15c4-11e7-99bc-b567736e1d6d,6
89f1c700-ed92-11e5-b32a-95e53011b70b,cc4f4580-c063-11e4-8fee-bb83bce6af3c,6
89f1c700-ed92-11e5-b32a-95e53011b70b,23a35d80-58b2-11e5-be45-8ea58872a947,2
89f1c700-ed92-11e5-b32a-95e53011b70b,6c5f3380-7993-11e5-a7c5-81772d310f76,6
89f1c700-ed92-11e5-b32a-95e53011b70b,8b1f3900-e5c7-11e5-861e-f2fd547b8298,6
89f1c700-ed92-11e5-b32a-95e53011b70b,68ce0180-05f0-11e6-a1c4-18fe29315529,6
89f1c700-ed92-11e5-b32a-95e53011b70b,54c24e00-0a8f-11e6-86b1-210704a2a273,4
89f1c700-ed92-11e5-b32a-95e53011b70b,ec70c200-773a-11e6-b5b1-122f4b2a2426,6
89f1c700-ed92-11e5-b32a-95e53011b70b,a5b5a100-8bee-11e6-86d5-e38632a7a2f3,4
89f1c700-ed92-11e5-b32a-95e53011b70b,70b9f880-d288-11e6-b126-0535e17ec5c9,4
23a35d80-58b2-11e5-be45-8ea58872a947,89f1c700-ed92-11e5-b32a-95e53011b70b,2
23a35d80-58b2-11e5-be45-8ea58872a947,95615700-2720-11e6-a97e-e9ad2cecd7fc,5
23a35d80-58b2-11e5-be45-8ea58872a947,06b73980-7de6-11e6-bec8-194c88e9da2b,5
23a35d80-58b2-11e5-be45-8ea58872a947,a5b5a100-8bee-11e6-86d5-e38632a7a2f3,5
23a35d80-58b2-11e5-be45-8ea58872a947,6ca2ef00-9f56-11e6-b309-c8f8ac45a4a4,5
999bad00-3460-11e6-bfcd-c076867d1cfb,5da2dd00-b69e-11e4-a3c1-252b115a14f8,5
999bad00-3460-11e6-bfcd-c076867d1cfb,8051df80-6969-11e5-9f7b-4732a5da9ae0,4
999bad00-3460-11e6-bfcd-c076867d1cfb,1dbbd780-71e4-11e5-aa5a-08dc3492ac1a,6
999bad00-3460-11e6-bfcd-c076867d1cfb,f41d2100-c0ed-11e5-88ef-3f4bc510e51f,6
999bad00-3460-11e6-bfcd-c076867d1cfb,c2137480-dda7-11e5-8ce2-8243739b73d7,6
999bad00-3460-11e6-bfcd-c076867d1cfb,0d82e700-0e1a-11e6-af15-5b6b280f05fa,6
999bad00-3460-11e6-bfcd-c076867d1cfb,e3dbd980-1a2f-11e6-bcb1-c1bd91b1e760,5
999bad00-3460-11e6-bfcd-c076867d1cfb,2b930300-4c23-11e6-9090-51bca1f46f93,5
999bad00-3460-11e6-bfcd-c076867d1cfb,31caee80-4e72-11e6-9fbd-36023c580c58,5
999bad00-3460-11e6-bfcd-c076867d1cfb,5c9e8500-b9c4-11e6-a278-ebac169b741b,6
999bad00-3460-11e6-bfcd-c076867d1cfb,45c9dc00-ca20-11e6-aff9-41ff848969df,4
999bad00-3460-11e6-bfcd-c076867d1cfb,fb621e00-d2af-11e6-8300-17a2f6785739,4
999bad00-3460-11e6-bfcd-c076867d1cfb,799d8a00-ef18-11e6-8ac3-83ae8992b59d,2
6ca2ef00-9f56-11e6-b309-c8f8ac45a4a4,f2d3b080-b661-11e4-944c-1f9982fd525d,4
6ca2ef00-9f56-11e6-b309-c8f8ac45a4a4,23a35d80-58b2-11e5-be45-8ea58872a947,5
6ca2ef00-9f56-11e6-b309-c8f8ac45a4a4,8b1f3900-e5c7-11e5-861e-f2fd547b8298,3
6ca2ef00-9f56-11e6-b309-c8f8ac45a4a4,ae4e0b00-1168-11e6-9ef2-209a8afd1be9,4
6ca2ef00-9f56-11e6-b309-c8f8ac45a4a4,e3dbd980-1a2f-11e6-bcb1-c1bd91b1e760,3
6ca2ef00-9f56-11e6-b309-c8f8ac45a4a4,95615700-2720-11e6-a97e-e9ad2cecd7fc,5
6ca2ef00-9f56-11e6-b309-c8f8ac45a4a4,06b73980-7de6-11e6-bec8-194c88e9da2b,5
6ca2ef00-9f56-11e6-b309-c8f8ac45a4a4,a5b5a100-8bee-11e6-86d5-e38632a7a2f3,11
8051df80-6969-11e5-9f7b-4732a5da9ae0,d6f61080-163b-11e5-862e-d900258a186f,4
8051df80-6969-11e5-9f7b-4732a5da9ae0,b10c0380-91b9-11e5-8244-089abed2d2d2,4
8051df80-6969-11e5-9f7b-4732a5da9ae0,c65f7c80-d327-11e5-b92d-7e1171d66ccb,2
8051df80-6969-11e5-9f7b-4732a5da9ae0,999bad00-3460-11e6-bfcd-c076867d1cfb,4
8051df80-6969-11e5-9f7b-4732a5da9ae0,45c9dc00-ca20-11e6-aff9-41ff848969df,4
8051df80-6969-11e5-9f7b-4732a5da9ae0,fb621e00-d2af-11e6-8300-17a2f6785739,4
8051df80-6969-11e5-9f7b-4732a5da9ae0,ba23a880-0150-11e7-bb19-0c0012efbe30,4
4373b000-6da7-11e6-9d28-07600e09f4fa,f2d3b080-b661-11e4-944c-1f9982fd525d,6
4373b000-6da7-11e6-9d28-07600e09f4fa,cc4f4580-c063-11e4-8fee-bb83bce6af3c,6
4373b000-6da7-11e6-9d28-07600e09f4fa,77d46880-072d-11e5-83f8-b22ab9ace9d2,6
4373b000-6da7-11e6-9d28-07600e09f4fa,b2254300-1386-11e5-8be3-4b11c68ded7a,6
4373b000-6da7-11e6-9d28-07600e09f4fa,d6f61080-163b-11e5-862e-d900258a186f,3
4373b000-6da7-11e6-9d28-07600e09f4fa,37ddb480-3c8d-11e5-bfb8-d953b3e2da69,6
4373b000-6da7-11e6-9d28-07600e09f4fa,43fa6580-6756-11e5-831c-0e7497a78dc9,6
4373b000-6da7-11e6-9d28-07600e09f4fa,ee7be980-6b97-11e5-8207-b31dacfeed77,3
4373b000-6da7-11e6-9d28-07600e09f4fa,8dba0580-7855-11e5-bf0a-c4d5c4ea4ddd,6
4373b000-6da7-11e6-9d28-07600e09f4fa,7916dd80-88e8-11e5-bcc3-2eea3f4b0271,4
4373b000-6da7-11e6-9d28-07600e09f4fa,c2137480-dda7-11e5-8ce2-8243739b73d7,4
4373b000-6da7-11e6-9d28-07600e09f4fa,939cac00-08b5-11e6-89f6-2d1c116d989e,6
4373b000-6da7-11e6-9d28-07600e09f4fa,2fd44e80-833f-11e6-9d64-1fd80ea49503,4
4373b000-6da7-11e6-9d28-07600e09f4fa,a5b5a100-8bee-11e6-86d5-e38632a7a2f3,6
4373b000-6da7-11e6-9d28-07600e09f4fa,fb621e00-d2af-11e6-8300-17a2f6785739,6
b2098a80-c17d-11e4-b554-7eee90f74c0d,2f1beb80-d501-11e4-b7d8-3210c009407d,3
b2098a80-c17d-11e4-b554-7eee90f74c0d,43fa6580-6756-11e5-831c-0e7497a78dc9,3
b2098a80-c17d-11e4-b554-7eee90f74c0d,8b1f3900-e5c7-11e5-861e-f2fd547b8298,3
b2098a80-c17d-11e4-b554-7eee90f74c0d,c8030580-1953-11e6-878e-2e3f1a130028,3
b2098a80-c17d-11e4-b554-7eee90f74c0d,06b73980-7de6-11e6-bec8-194c88e9da2b,3
b2098a80-c17d-11e4-b554-7eee90f74c0d,16ca0280-bbf8-11e6-b1fb-d5cab5d26627,3
a05d1400-f972-11e4-809c-bcc94e880ed1,cc4f4580-c063-11e4-8fee-bb83bce6af3c,6
a05d1400-f972-11e4-809c-bcc94e880ed1,054d7c00-108f-11e5-b0bb-ad0f9bbf48fc,6
a05d1400-f972-11e4-809c-bcc94e880ed1,b99e6900-1ded-11e6-9673-c938f540054a,6
a05d1400-f972-11e4-809c-bcc94e880ed1,2fd44e80-833f-11e6-9d64-1fd80ea49503,6
a05d1400-f972-11e4-809c-bcc94e880ed1,ba23a880-0150-11e7-bb19-0c0012efbe30,6
06b73980-7de6-11e6-bec8-194c88e9da2b,b2098a80-c17d-11e4-b554-7eee90f74c0d,3
06b73980-7de6-11e6-bec8-194c88e9da2b,23a35d80-58b2-11e5-be45-8ea58872a947,5
06b73980-7de6-11e6-bec8-194c88e9da2b,6c5f3380-7993-11e5-a7c5-81772d310f76,3
06b73980-7de6-11e6-bec8-194c88e9da2b,c8030580-1953-11e6-878e-2e3f1a130028,3
06b73980-7de6-11e6-bec8-194c88e9da2b,95615700-2720-11e6-a97e-e9ad2cecd7fc,5
06b73980-7de6-11e6-bec8-194c88e9da2b,a5b5a100-8bee-11e6-86d5-e38632a7a2f3,5
06b73980-7de6-11e6-bec8-194c88e9da2b,6ca2ef00-9f56-11e6-b309-c8f8ac45a4a4,5
06b73980-7de6-11e6-bec8-194c88e9da2b,32e79a80-a745-11e6-bc61-14fce9447012,3
06b73980-7de6-11e6-bec8-194c88e9da2b,ba23a880-0150-11e7-bb19-0c0012efbe30,2
bb066a80-2123-11e5-b4d8-3eecfc1d94b5,7916dd80-88e8-11e5-bcc3-2eea3f4b0271,5
bb066a80-2123-11e5-b4d8-3eecfc1d94b5,c0f46600-d175-11e6-af8a-8870a961368a,3
ee7be980-6b97-11e5-8207-b31dacfeed77,35e0d380-d0a7-11e4-9f63-0d398104b025,5
ee7be980-6b97-11e5-8207-b31dacfeed77,b2254300-1386-11e5-8be3-4b11c68ded7a,5
ee7be980-6b97-11e5-8207-b31dacfeed77,d6f61080-163b-11e5-862e-d900258a186f,3
ee7be980-6b97-11e5-8207-b31dacfeed77,a0066600-4404-11e5-ac82-ae406cd0e6c8,5
ee7be980-6b97-11e5-8207-b31dacfeed77,30007f00-66ed-11e6-857f-3a519f95dce1,5
ee7be980-6b97-11e5-8207-b31dacfeed77,4373b000-6da7-11e6-9d28-07600e09f4fa,3
cae3fa80-777b-11e6-9738-b343125580db,f2d3b080-b661-11e4-944c-1f9982fd525d,5
cae3fa80-777b-11e6-9738-b343125580db,5da2dd00-b69e-11e4-a3c1-252b115a14f8,5
cae3fa80-777b-11e6-9738-b343125580db,a0066600-4404-11e5-ac82-ae406cd0e6c8,11
cae3fa80-777b-11e6-9738-b343125580db,54ccbc80-bb36-11e5-9d4b-956006a8c68d,5
cae3fa80-777b-11e6-9738-b343125580db,2b930300-4c23-11e6-9090-51bca1f46f93,6
cae3fa80-777b-11e6-9738-b343125580db,8fa22d80-5a51-11e6-bec5-250a623d7835,6
cae3fa80-777b-11e6-9738-b343125580db,79bfd100-6a2f-11e6-9ad7-93bb5a51ead3,9
cae3fa80-777b-11e6-9738-b343125580db,ec70c200-773a-11e6-b5b1-122f4b2a2426,3
cae3fa80-777b-11e6-9738-b343125580db,a5b5a100-8bee-11e6-86d5-e38632a7a2f3,6
e111ad80-eb97-11e6-ba3a-2865505814a6,60f18c80-1509-11e5-b328-c8e2e0b2be5f,6
e111ad80-eb97-11e6-ba3a-2865505814a6,f41d2100-c0ed-11e5-88ef-3f4bc510e51f,5
e111ad80-eb97-11e6-ba3a-2865505814a6,c65f7c80-d327-11e5-b92d-7e1171d66ccb,6
e111ad80-eb97-11e6-ba3a-2865505814a6,c2137480-dda7-11e5-8ce2-8243739b73d7,6
e111ad80-eb97-11e6-ba3a-2865505814a6,ae4e0b00-1168-11e6-9ef2-209a8afd1be9,5
e111ad80-eb97-11e6-ba3a-2865505814a6,31caee80-4e72-11e6-9fbd-36023c580c58,3
e111ad80-eb97-11e6-ba3a-2865505814a6,30007f00-66ed-11e6-857f-3a519f95dce1,5
e111ad80-eb97-11e6-ba3a-2865505814a6,692bcf80-6fc8-11e6-9c14-5f5253587281,6
e111ad80-eb97-11e6-ba3a-2865505814a6,71b8af00-979c-11e6-8119-33fd12640fa6,5
e111ad80-eb97-11e6-ba3a-2865505814a6,bf935300-f0bc-11e6-a458-23b53adc98fa,9
30007f00-66ed-11e6-857f-3a519f95dce1,77348000-cefb-11e4-922d-5b202761d597,3
30007f00-66ed-11e6-857f-3a519f95dce1,35e0d380-d0a7-11e4-9f63-0d398104b025,11
30007f00-66ed-11e6-857f-3a519f95dce1,77d46880-072d-11e5-83f8-b22ab9ace9d2,6
30007f00-66ed-11e6-857f-3a519f95dce1,b2254300-1386-11e5-8be3-4b11c68ded7a,5
30007f00-66ed-11e6-857f-3a519f95dce1,a0066600-4404-11e5-ac82-ae406cd0e6c8,5
30007f00-66ed-11e6-857f-3a519f95dce1,ee7be980-6b97-11e5-8207-b31dacfeed77,5
30007f00-66ed-11e6-857f-3a519f95dce1,f41d2100-c0ed-11e5-88ef-3f4bc510e51f,5
30007f00-66ed-11e6-857f-3a519f95dce1,8f70b800-ead9-11e5-879a-67118684befd,6
30007f00-66ed-11e6-857f-3a519f95dce1,68ce0180-05f0-11e6-a1c4-18fe29315529,6
30007f00-66ed-11e6-857f-3a519f95dce1,ae4e0b00-1168-11e6-9ef2-209a8afd1be9,5
30007f00-66ed-11e6-857f-3a519f95dce1,692bcf80-6fc8-11e6-9c14-5f5253587281,6
30007f00-66ed-11e6-857f-3a519f95dce1,71b8af00-979c-11e6-8119-33fd12640fa6,8
30007f00-66ed-11e6-857f-3a519f95dce1,e111ad80-eb97-11e6-ba3a-2865505814a6,5
5255d800-c9fb-11e5-b9a6-71633a4dd8ab,1e1b6380-d1fd-11e4-936b-a9109c2aa30f,3
5255d800-c9fb-11e5-b9a6-71633a4dd8ab,60f18c80-1509-11e5-b328-c8e2e0b2be5f,6
5255d800-c9fb-11e5-b9a6-71633a4dd8ab,d6f61080-163b-11e5-862e-d900258a186f,6
5255d800-c9fb-11e5-b9a6-71633a4dd8ab,86c46e00-5f0a-11e5-bf0e-669bc61c9e84,6
5255d800-c9fb-11e5-b9a6-71633a4dd8ab,1dbbd780-71e4-11e5-aa5a-08dc3492ac1a,3
5255d800-c9fb-11e5-b9a6-71633a4dd8ab,c2137480-dda7-11e5-8ce2-8243739b73d7,6
5255d800-c9fb-11e5-b9a6-71633a4dd8ab,68ce0180-05f0-11e6-a1c4-18fe29315529,5
5255d800-c9fb-11e5-b9a6-71633a4dd8ab,ae4e0b00-1168-11e6-9ef2-209a8afd1be9,5
5255d800-c9fb-11e5-b9a6-71633a4dd8ab,2fd44e80-833f-11e6-9d64-1fd80ea49503,5
5255d800-c9fb-11e5-b9a6-71633a4dd8ab,c0f46600-d175-11e6-af8a-8870a961368a,6
5255d800-c9fb-11e5-b9a6-71633a4dd8ab,ba23a880-0150-11e7-bb19-0c0012efbe30,5
c0f46600-d175-11e6-af8a-8870a961368a,60f18c80-1509-11e5-b328-c8e2e0b2be5f,6
c0f46600-d175-11e6-af8a-8870a961368a,d6f61080-163b-11e5-862e-d900258a186f,6
c0f46600-d175-11e6-af8a-8870a961368a,bb066a80-2123-11e5-b4d8-3eecfc1d94b5,3
c0f46600-d175-11e6-af8a-8870a961368a,86c46e00-5f0a-11e5-bf0e-669bc61c9e84,6
c0f46600-d175-11e6-af8a-8870a961368a,7916dd80-88e8-11e5-bcc3-2eea3f4b0271,3
c0f46600-d175-11e6-af8a-8870a961368a,5255d800-c9fb-11e5-b9a6-71633a4dd8ab,6
c0f46600-d175-11e6-af8a-8870a961368a,c2137480-dda7-11e5-8ce2-8243739b73d7,6
d50bd880-2220-11e6-b3f6-fbdb914f96d8,1e319400-0259-11e7-b15e-6c8537ebd16e,3
d50bd880-2220-11e6-b3f6-fbdb914f96d8,6c377000-1557-11e7-a924-57ef8eecaa17,3
bf935300-f0bc-11e6-a458-23b53adc98fa,60f18c80-1509-11e5-b328-c8e2e0b2be5f,6
bf935300-f0bc-11e6-a458-23b53adc98fa,c65f7c80-d327-11e5-b92d-7e1171d66ccb,6
bf935300-f0bc-11e6-a458-23b53adc98fa,c2137480-dda7-11e5-8ce2-8243739b73d7,6
bf935300-f0bc-11e6-a458-23b53adc98fa,31caee80-4e72-11e6-9fbd-36023c580c58,3
bf935300-f0bc-11e6-a458-23b53adc98fa,692bcf80-6fc8-11e6-9c14-5f5253587281,6
bf935300-f0bc-11e6-a458-23b53adc98fa,e111ad80-eb97-11e6-ba3a-2865505814a6,9
2f1beb80-d501-11e4-b7d8-3210c009407d,b2098a80-c17d-11e4-b554-7eee90f74c0d,3
2f1beb80-d501-11e4-b7d8-3210c009407d,43fa6580-6756-11e5-831c-0e7497a78dc9,3
2f1beb80-d501-11e4-b7d8-3210c009407d,35bc2180-cf60-11e5-9e26-d650f2990c7c,3
2f1beb80-d501-11e4-b7d8-3210c009407d,8fa22d80-5a51-11e6-bec5-250a623d7835,2
2f1beb80-d501-11e4-b7d8-3210c009407d,5c9e8500-b9c4-11e6-a278-ebac169b741b,3
b99e6900-1ded-11e6-9673-c938f540054a,cc4f4580-c063-11e4-8fee-bb83bce6af3c,6
b99e6900-1ded-11e6-9673-c938f540054a,35e0d380-d0a7-11e4-9f63-0d398104b025,3
b99e6900-1ded-11e6-9673-c938f540054a,a05d1400-f972-11e4-809c-bcc94e880ed1,6
b99e6900-1ded-11e6-9673-c938f540054a,77d46880-072d-11e5-83f8-b22ab9ace9d2,6
b99e6900-1ded-11e6-9673-c938f540054a,b2d71000-0bf5-11e5-aefa-2761c1c51b4b,10
b99e6900-1ded-11e6-9673-c938f540054a,054d7c00-108f-11e5-b0bb-ad0f9bbf48fc,6
b99e6900-1ded-11e6-9673-c938f540054a,c2137480-dda7-11e5-8ce2-8243739b73d7,6
b99e6900-1ded-11e6-9673-c938f540054a,23dd5080-565e-11e6-9262-ecc9e831c9d3,3
b99e6900-1ded-11e6-9673-c938f540054a,874dad80-621c-11e6-8a27-fc759d922773,6
b99e6900-1ded-11e6-9673-c938f540054a,692bcf80-6fc8-11e6-9c14-5f5253587281,6
b99e6900-1ded-11e6-9673-c938f540054a,2fd44e80-833f-11e6-9d64-1fd80ea49503,6
b99e6900-1ded-11e6-9673-c938f540054a,71b8af00-979c-11e6-8119-33fd12640fa6,4
b99e6900-1ded-11e6-9673-c938f540054a,70b9f880-d288-11e6-b126-0535e17ec5c9,4
b99e6900-1ded-11e6-9673-c938f540054a,ba23a880-0150-11e7-bb19-0c0012efbe30,6
ebdd6c00-6f81-11e6-ac5f-f19f27fb34f3,eca6a080-934f-11e4-9fb6-a0bce7c5347a,6
ebdd6c00-6f81-11e6-ac5f-f19f27fb34f3,77348000-cefb-11e4-922d-5b202761d597,6
ebdd6c00-6f81-11e6-ac5f-f19f27fb34f3,86c46e00-5f0a-11e5-bf0e-669bc61c9e84,4
ebdd6c00-6f81-11e6-ac5f-f19f27fb34f3,f41d2100-c0ed-11e5-88ef-3f4bc510e51f,4
ebdd6c00-6f81-11e6-ac5f-f19f27fb34f3,c65f7c80-d327-11e5-b92d-7e1171d66ccb,4
ebdd6c00-6f81-11e6-ac5f-f19f27fb34f3,c2137480-dda7-11e5-8ce2-8243739b73d7,4
ebdd6c00-6f81-11e6-ac5f-f19f27fb34f3,939cac00-08b5-11e6-89f6-2d1c116d989e,4
ebdd6c00-6f81-11e6-ac5f-f19f27fb34f3,c8030580-1953-11e6-878e-2e3f1a130028,5
ebdd6c00-6f81-11e6-ac5f-f19f27fb34f3,2b930300-4c23-11e6-9090-51bca1f46f93,6
ebdd6c00-6f81-11e6-ac5f-f19f27fb34f3,874dad80-621c-11e6-8a27-fc759d922773,4
ebdd6c00-6f81-11e6-ac5f-f19f27fb34f3,98b17800-6aae-11e6-8c98-1e2a1152da96,5
ebdd6c00-6f81-11e6-ac5f-f19f27fb34f3,a93c4980-6d5f-11e6-9083-0bba6972236f,6
ebdd6c00-6f81-11e6-ac5f-f19f27fb34f3,a3664f80-77c6-11e6-adb6-8faffaff5d86,5
ebdd6c00-6f81-11e6-ac5f-f19f27fb34f3,45c9dc00-ca20-11e6-aff9-41ff848969df,6
ebdd6c00-6f81-11e6-ac5f-f19f27fb34f3,dfb1ff80-0f0f-11e7-8e0f-1be029378808,5
ec70c200-773a-11e6-b5b1-122f4b2a2426,cc4f4580-c063-11e4-8fee-bb83bce6af3c,6
ec70c200-773a-11e6-b5b1-122f4b2a2426,6c5f3380-7993-11e5-a7c5-81772d310f76,6
ec70c200-773a-11e6-b5b1-122f4b2a2426,8b1f3900-e5c7-11e5-861e-f2fd547b8298,6
ec70c200-773a-11e6-b5b1-122f4b2a2426,89f1c700-ed92-11e5-b32a-95e53011b70b,6
ec70c200-773a-11e6-b5b1-122f4b2a2426,68ce0180-05f0-11e6-a1c4-18fe29315529,6
ec70c200-773a-11e6-b5b1-122f4b2a2426,79bfd100-6a2f-11e6-9ad7-93bb5a51ead3,3
ec70c200-773a-11e6-b5b1-122f4b2a2426,cae3fa80-777b-11e6-9738-b343125580db,3
b2d71000-0bf5-11e5-aefa-2761c1c51b4b,77d46880-072d-11e5-83f8-b22ab9ace9d2,12
b2d71000-0bf5-11e5-aefa-2761c1c51b4b,1dbbd780-71e4-11e5-aa5a-08dc3492ac1a,6
b2d71000-0bf5-11e5-aefa-2761c1c51b4b,c2137480-dda7-11e5-8ce2-8243739b73d7,6
b2d71000-0bf5-11e5-aefa-2761c1c51b4b,b99e6900-1ded-11e6-9673-c938f540054a,10
b2d71000-0bf5-11e5-aefa-2761c1c51b4b,874dad80-621c-11e6-8a27-fc759d922773,6
b2d71000-0bf5-11e5-aefa-2761c1c51b4b,692bcf80-6fc8-11e6-9c14-5f5253587281,6
b2d71000-0bf5-11e5-aefa-2761c1c51b4b,d5ac6d80-960c-11e6-91a1-995bbe4f385a,4
b2d71000-0bf5-11e5-aefa-2761c1c51b4b,71b8af00-979c-11e6-8119-33fd12640fa6,4
b2d71000-0bf5-11e5-aefa-2761c1c51b4b,32e79a80-a745-11e6-bc61-14fce9447012,6
b2d71000-0bf5-11e5-aefa-2761c1c51b4b,70b9f880-d288-11e6-b126-0535e17ec5c9,4
b2d71000-0bf5-11e5-aefa-2761c1c51b4b,799d8a00-ef18-11e6-8ac3-83ae8992b59d,10
b2d71000-0bf5-11e5-aefa-2761c1c51b4b,1e319400-0259-11e7-b15e-6c8537ebd16e,4
b2d71000-0bf5-11e5-aefa-2761c1c51b4b,9410ed00-15c4-11e7-99bc-b567736e1d6d,6
60f18c80-1509-11e5-b328-c8e2e0b2be5f,f2d3b080-b661-11e4-944c-1f9982fd525d,5
60f18c80-1509-11e5-b328-c8e2e0b2be5f,b2254300-1386-11e5-8be3-4b11c68ded7a,5
60f18c80-1509-11e5-b328-c8e2e0b2be5f,d6f61080-163b-11e5-862e-d900258a186f,6
60f18c80-1509-11e5-b328-c8e2e0b2be5f,86c46e00-5f0a-11e5-bf0e-669bc61c9e84,6
60f18c80-1509-11e5-b328-c8e2e0b2be5f,d1932480-ad48-11e5-b39e-9e460d6e05d3,5
60f18c80-1509-11e5-b328-c8e2e0b2be5f,5255d800-c9fb-11e5-b9a6-71633a4dd8ab,6
60f18c80-1509-11e5-b328-c8e2e0b2be5f,c65f7c80-d327-11e5-b92d-7e1171d66ccb,6
60f18c80-1509-11e5-b328-c8e2e0b2be5f,c2137480-dda7-11e5-8ce2-8243739b73d7,12
60f18c80-1509-11e5-b328-c8e2e0b2be5f,692bcf80-6fc8-11e6-9c14-5f5253587281,6
60f18c80-1509-11e5-b328-c8e2e0b2be5f,c0f46600-d175-11e6-af8a-8870a961368a,6
60f18c80-1509-11e5-b328-c8e2e0b2be5f,e111ad80-eb97-11e6-ba3a-2865505814a6,6
60f18c80-1509-11e5-b328-c8e2e0b2be5f,bf935300-f0bc-11e6-a458-23b53adc98fa,6
60f18c80-1509-11e5-b328-c8e2e0b2be5f,dfb1ff80-0f0f-11e7-8e0f-1be029378808,5
cc4f4580-c063-11e4-8fee-bb83bce6af3c,f2d3b080-b661-11e4-944c-1f9982fd525d,6
cc4f4580-c063-11e4-8fee-bb83bce6af3c,a05d1400-f972-11e4-809c-bcc94e880ed1,6
cc4f4580-c063-11e4-8fee-bb83bce6af3c,77d46880-072d-11e5-83f8-b22ab9ace9d2,6
cc4f4580-c063-11e4-8fee-bb83bce6af3c,054d7c00-108f-11e5-b0bb-ad0f9bbf48fc,6
cc4f4580-c063-11e4-8fee-bb83bce6af3c,37ddb480-3c8d-11e5-bfb8-d953b3e2da69,6
cc4f4580-c063-11e4-8fee-bb83bce6af3c,6c5f3380-7993-11e5-a7c5-81772d310f76,6
cc4f4580-c063-11e4-8fee-bb83bce6af3c,c65f7c80-d327-11e5-b92d-7e1171d66ccb,5
cc4f4580-c063-11e4-8fee-bb83bce6af3c,c2137480-dda7-11e5-8ce2-8243739b73d7,5
cc4f4580-c063-11e4-8fee-bb83bce6af3c,8b1f3900-e5c7-11e5-861e-f2fd547b8298,6
cc4f4580-c063-11e4-8fee-bb83bce6af3c,89f1c700-ed92-11e5-b32a-95e53011b70b,6
cc4f4580-c063-11e4-8fee-bb83bce6af3c,68ce0180-05f0-11e6-a1c4-18fe29315529,6
cc4f4580-c063-11e4-8fee-bb83bce6af3c,939cac00-08b5-11e6-89f6-2d1c116d989e,5
cc4f4580-c063-11e4-8fee-bb83bce6af3c,b99e6900-1ded-11e6-9673-c938f540054a,6
cc4f4580-c063-11e4-8fee-bb83bce6af3c,8fa22d80-5a51-11e6-bec5-250a623d7835,5
cc4f4580-c063-11e4-8fee-bb83bce6af3c,4373b000-6da7-11e6-9d28-07600e09f4fa,6
cc4f4580-c063-11e4-8fee-bb83bce6af3c,ec70c200-773a-11e6-b5b1-122f4b2a2426,6
cc4f4580-c063-11e4-8fee-bb83bce6af3c,2fd44e80-833f-11e6-9d64-1fd80ea49503,6
cc4f4580-c063-11e4-8fee-bb83bce6af3c,fb621e00-d2af-11e6-8300-17a2f6785739,6
cc4f4580-c063-11e4-8fee-bb83bce6af3c,ba23a880-0150-11e7-bb19-0c0012efbe30,6
cc4f4580-c063-11e4-8fee-bb83bce6af3c,6c377000-1557-11e7-a924-57ef8eecaa17,2
23dd5080-565e-11e6-9262-ecc9e831c9d3,35e0d380-d0a7-11e4-9f63-0d398104b025,3
23dd5080-565e-11e6-9262-ecc9e831c9d3,b99e6900-1ded-11e6-9673-c938f540054a,3
a93c4980-6d5f-11e6-9083-0bba6972236f,eca6a080-934f-11e4-9fb6-a0bce7c5347a,6
a93c4980-6d5f-11e6-9083-0bba6972236f,77348000-cefb-11e4-922d-5b202761d597,6
a93c4980-6d5f-11e6-9083-0bba6972236f,2b930300-4c23-11e6-9090-51bca1f46f93,6
a93c4980-6d5f-11e6-9083-0bba6972236f,ebdd6c00-6f81-11e6-ac5f-f19f27fb34f3,6
a93c4980-6d5f-11e6-9083-0bba6972236f,45c9dc00-ca20-11e6-aff9-41ff848969df,6
f5f09200-0779-11e6-8850-b263b0132e40,8dba0580-7855-11e5-bf0a-c4d5c4ea4ddd,5
f5f09200-0779-11e6-8850-b263b0132e40,7916dd80-88e8-11e5-bcc3-2eea3f4b0271,5
f5f09200-0779-11e6-8850-b263b0132e40,939cac00-08b5-11e6-89f6-2d1c116d989e,5
f5f09200-0779-11e6-8850-b263b0132e40,98b17800-6aae-11e6-8c98-1e2a1152da96,3
f5f09200-0779-11e6-8850-b263b0132e40,bb5b8380-9f6c-11e6-b4c2-c6004815a3d9,3
f5f09200-0779-11e6-8850-b263b0132e40,32e79a80-a745-11e6-bc61-14fce9447012,5
b10c0380-91b9-11e5-8244-089abed2d2d2,d6f61080-163b-11e5-862e-d900258a186f,4
b10c0380-91b9-11e5-8244-089abed2d2d2,8051df80-6969-11e5-9f7b-4732a5da9ae0,4
b10c0380-91b9-11e5-8244-089abed2d2d2,ba23a880-0150-11e7-bb19-0c0012efbe30,4
e3dbd980-1a2f-11e6-bcb1-c1bd91b1e760,5da2dd00-b69e-11e4-a3c1-252b115a14f8,5
e3dbd980-1a2f-11e6-bcb1-c1bd91b1e760,c2137480-dda7-11e5-8ce2-8243739b73d7,3
e3dbd980-1a2f-11e6-bcb1-c1bd91b1e760,8b1f3900-e5c7-11e5-861e-f2fd547b8298,3
e3dbd980-1a2f-11e6-bcb1-c1bd91b1e760,999bad00-3460-11e6-bfcd-c076867d1cfb,5
e3dbd980-1a2f-11e6-bcb1-c1bd91b1e760,2b930300-4c23-11e6-9090-51bca1f46f93,5
e3dbd980-1a2f-11e6-bcb1-c1bd91b1e760,31caee80-4e72-11e6-9fbd-36023c580c58,5
e3dbd980-1a2f-11e6-bcb1-c1bd91b1e760,6ca2ef00-9f56-11e6-b309-c8f8ac45a4a4,3
e3dbd980-1a2f-11e6-bcb1-c1bd91b1e760,70b9f880-d288-11e6-b126-0535e17ec5c9,3
c65f7c80-d327-11e5-b92d-7e1171d66ccb,cc4f4580-c063-11e4-8fee-bb83bce6af3c,5
c65f7c80-d327-11e5-b92d-7e1171d66ccb,60f18c80-1509-11e5-b328-c8e2e0b2be5f,6
c65f7c80-d327-11e5-b92d-7e1171d66ccb,86c46e00-5f0a-11e5-bf0e-669bc61c9e84,4
c65f7c80-d327-11e5-b92d-7e1171d66ccb,8051df80-6969-11e5-9f7b-4732a5da9ae0,2
c65f7c80-d327-11e5-b92d-7e1171d66ccb,c2137480-dda7-11e5-8ce2-8243739b73d7,15
c65f7c80-d327-11e5-b92d-7e1171d66ccb,939cac00-08b5-11e6-89f6-2d1c116d989e,5
c65f7c80-d327-11e5-b92d-7e1171d66ccb,8fa22d80-5a51-11e6-bec5-250a623d7835,5
c65f7c80-d327-11e5-b92d-7e1171d66ccb,ebdd6c00-6f81-11e6-ac5f-f19f27fb34f3,4
c65f7c80-d327-11e5-b92d-7e1171d66ccb,692bcf80-6fc8-11e6-9c14-5f5253587281,6
c65f7c80-d327-11e5-b92d-7e1171d66ccb,e111ad80-eb97-11e6-ba3a-2865505814a6,6
c65f7c80-d327-11e5-b92d-7e1171d66ccb,bf935300-f0bc-11e6-a458-23b53adc98fa,6
5da2dd00-b69e-11e4-a3c1-252b115a14f8,f2d3b080-b661-11e4-944c-1f9982fd525d,5
5da2dd00-b69e-11e4-a3c1-252b115a14f8,a0066600-4404-11e5-ac82-ae406cd0e6c8,5
5da2dd00-b69e-11e4-a3c1-252b115a14f8,54ccbc80-bb36-11e5-9d4b-956006a8c68d,5
5da2dd00-b69e-11e4-a3c1-252b115a14f8,e3dbd980-1a2f-11e6-bcb1-c1bd91b1e760,5
5da2dd00-b69e-11e4-a3c1-252b115a14f8,999bad00-3460-11e6-bfcd-c076867d1cfb,5
5da2dd00-b69e-11e4-a3c1-252b115a14f8,2b930300-4c23-11e6-9090-51bca1f46f93,5
5da2dd00-b69e-11e4-a3c1-252b115a14f8,31caee80-4e72-11e6-9fbd-36023c580c58,5
5da2dd00-b69e-11e4-a3c1-252b115a14f8,cae3fa80-777b-11e6-9738-b343125580db,5
7916dd80-88e8-11e5-bcc3-2eea3f4b0271,1e1b6380-d1fd-11e4-936b-a9109c2aa30f,3
7916dd80-88e8-11e5-bcc3-2eea3f4b0271,bb066a80-2123-11e5-b4d8-3eecfc1d94b5,5
7916dd80-88e8-11e5-bcc3-2eea3f4b0271,8dba0580-7855-11e5-bf0a-c4d5c4ea4ddd,5
7916dd80-88e8-11e5-bcc3-2eea3f4b0271,c2137480-dda7-11e5-8ce2-8243739b73d7,4
7916dd80-88e8-11e5-bcc3-2eea3f4b0271,f5f09200-0779-11e6-8850-b263b0132e40,5
7916dd80-88e8-11e5-bcc3-2eea3f4b0271,939cac00-08b5-11e6-89f6-2d1c116d989e,5
7916dd80-88e8-11e5-bcc3-2eea3f4b0271,79bfd100-6a2f-11e6-9ad7-93bb5a51ead3,3
7916dd80-88e8-11e5-bcc3-2eea3f4b0271,4373b000-6da7-11e6-9d28-07600e09f4fa,4
7916dd80-88e8-11e5-bcc3-2eea3f4b0271,2fd44e80-833f-11e6-9d64-1fd80ea49503,4
7916dd80-88e8-11e5-bcc3-2eea3f4b0271,32e79a80-a745-11e6-bc61-14fce9447012,5
7916dd80-88e8-11e5-bcc3-2eea3f4b0271,c0f46600-d175-11e6-af8a-8870a961368a,3
fb621e00-d2af-11e6-8300-17a2f6785739,f2d3b080-b661-11e4-944c-1f9982fd525d,6
fb621e00-d2af-11e6-8300-17a2f6785739,cc4f4580-c063-11e4-8fee-bb83bce6af3c,6
fb621e00-d2af-11e6-8300-17a2f6785739,77d46880-072d-11e5-83f8-b22ab9ace9d2,6
fb621e00-d2af-11e6-8300-17a2f6785739,37ddb480-3c8d-11e5-bfb8-d953b3e2da69,9
fb621e00-d2af-11e6-8300-17a2f6785739,8051df80-6969-11e5-9f7b-4732a5da9ae0,4
fb621e00-d2af-11e6-8300-17a2f6785739,8b1f3900-e5c7-11e5-861e-f2fd547b8298,3
fb621e00-d2af-11e6-8300-17a2f6785739,999bad00-3460-11e6-bfcd-c076867d1cfb,4
fb621e00-d2af-11e6-8300-17a2f6785739,4373b000-6da7-11e6-9d28-07600e09f4fa,6
fb621e00-d2af-11e6-8300-17a2f6785739,a3664f80-77c6-11e6-adb6-8faffaff5d86,2
fb621e00-d2af-11e6-8300-17a2f6785739,45c9dc00-ca20-11e6-aff9-41ff848969df,4
c3a00200-1c46-11e5-8cfc-52fd3d828e1f,d1932480-ad48-11e5-b39e-9e460d6e05d3,3
c3a00200-1c46-11e5-8cfc-52fd3d828e1f,78519a00-fece-11e5-afa9-f60593fe7266,3
f2d3b080-b661-11e4-944c-1f9982fd525d,5da2dd00-b69e-11e4-a3c1-252b115a14f8,5
f2d3b080-b661-11e4-944c-1f9982fd525d,cc4f4580-c063-11e4-8fee-bb83bce6af3c,6
f2d3b080-b661-11e4-944c-1f9982fd525d,77d46880-072d-11e5-83f8-b22ab9ace9d2,6
f2d3b080-b661-11e4-944c-1f9982fd525d,b2254300-1386-11e5-8be3-4b11c68ded7a,5
f2d3b080-b661-11e4-944c-1f9982fd525d,60f18c80-1509-11e5-b328-c8e2e0b2be5f,5
f2d3b080-b661-11e4-944c-1f9982fd525d,37ddb480-3c8d-11e5-bfb8-d953b3e2da69,6
f2d3b080-b661-11e4-944c-1f9982fd525d,a0066600-4404-11e5-ac82-ae406cd0e6c8,5
f2d3b080-b661-11e4-944c-1f9982fd525d,d1932480-ad48-11e5-b39e-9e460d6e05d3,5
f2d3b080-b661-11e4-944c-1f9982fd525d,54ccbc80-bb36-11e5-9d4b-956006a8c68d,5
f2d3b080-b661-11e4-944c-1f9982fd525d,ae4e0b00-1168-11e6-9ef2-209a8afd1be9,4
f2d3b080-b661-11e4-944c-1f9982fd525d,4373b000-6da7-11e6-9d28-07600e09f4fa,6
f2d3b080-b661-11e4-944c-1f9982fd525d,cae3fa80-777b-11e6-9738-b343125580db,5
f2d3b080-b661-11e4-944c-1f9982fd525d,a5b5a100-8bee-11e6-86d5-e38632a7a2f3,4
f2d3b080-b661-11e4-944c-1f9982fd525d,6ca2ef00-9f56-11e6-b309-c8f8ac45a4a4,4
f2d3b080-b661-11e4-944c-1f9982fd525d,fb621e00-d2af-11e6-8300-17a2f6785739,6
f2d3b080-b661-11e4-944c-1f9982fd525d,dfb1ff80-0f0f-11e7-8e0f-1be029378808,5
45c9dc00-ca20-11e6-aff9-41ff848969df,eca6a080-934f-11e4-9fb6-a0bce7c5347a,6
45c9dc00-ca20-11e6-aff9-41ff848969df,77348000-cefb-11e4-922d-5b202761d597,6
45c9dc00-ca20-11e6-aff9-41ff848969df,8051df80-6969-11e5-9f7b-4732a5da9ae0,4
45c9dc00-ca20-11e6-aff9-41ff848969df,999bad00-3460-11e6-bfcd-c076867d1cfb,4
45c9dc00-ca20-11e6-aff9-41ff848969df,2b930300-4c23-11e6-9090-51bca1f46f93,6
45c9dc00-ca20-11e6-aff9-41ff848969df,a93c4980-6d5f-11e6-9083-0bba6972236f,6
45c9dc00-ca20-11e6-aff9-41ff848969df,ebdd6c00-6f81-11e6-ac5f-f19f27fb34f3,6
45c9dc00-ca20-11e6-aff9-41ff848969df,fb621e00-d2af-11e6-8300-17a2f6785739,4
68ce0180-05f0-11e6-a1c4-18fe29315529,cc4f4580-c063-11e4-8fee-bb83bce6af3c,6
68ce0180-05f0-11e6-a1c4-18fe29315529,35e0d380-d0a7-11e4-9f63-0d398104b025,6
68ce0180-05f0-11e6-a1c4-18fe29315529,77d46880-072d-11e5-83f8-b22ab9ace9d2,6
68ce0180-05f0-11e6-a1c4-18fe29315529,6c5f3380-7993-11e5-a7c5-81772d310f76,6
68ce0180-05f0-11e6-a1c4-18fe29315529,5255d800-c9fb-11e5-b9a6-71633a4dd8ab,5
68ce0180-05f0-11e6-a1c4-18fe29315529,8b1f3900-e5c7-11e5-861e-f2fd547b8298,6
68ce0180-05f0-11e6-a1c4-18fe29315529,8f70b800-ead9-11e5-879a-67118684befd,6
68ce0180-05f0-11e6-a1c4-18fe29315529,89f1c700-ed92-11e5-b32a-95e53011b70b,6
68ce0180-05f0-11e6-a1c4-18fe29315529,ae4e0b00-1168-11e6-9ef2-209a8afd1be9,5
68ce0180-05f0-11e6-a1c4-18fe29315529,30007f00-66ed-11e6-857f-3a519f95dce1,6
68ce0180-05f0-11e6-a1c4-18fe29315529,692bcf80-6fc8-11e6-9c14-5f5253587281,6
68ce0180-05f0-11e6-a1c4-18fe29315529,ec70c200-773a-11e6-b5b1-122f4b2a2426,6
68ce0180-05f0-11e6-a1c4-18fe29315529,2fd44e80-833f-11e6-9d64-1fd80ea49503,5
68ce0180-05f0-11e6-a1c4-18fe29315529,ba23a880-0150-11e7-bb19-0c0012efbe30,5
054d7c00-108f-11e5-b0bb-ad0f9bbf48fc,cc4f4580-c063-11e4-8fee-bb83bce6af3c,6
054d7c00-108f-11e5-b0bb-ad0f9bbf48fc,a05d1400-f972-11e4-809c-bcc94e880ed1,6
054d7c00-108f-11e5-b0bb-ad0f9bbf48fc,ae002400-333b-11e5-8381-39cbb64d2104,4
054d7c00-108f-11e5-b0bb-ad0f9bbf48fc,3cac2380-0c75-11e6-9189-e52d05b4f2c6,4
054d7c00-108f-11e5-b0bb-ad0f9bbf48fc,b99e6900-1ded-11e6-9673-c938f540054a,6
054d7c00-108f-11e5-b0bb-ad0f9bbf48fc,31caee80-4e72-11e6-9fbd-36023c580c58,4
054d7c00-108f-11e5-b0bb-ad0f9bbf48fc,2fd44e80-833f-11e6-9d64-1fd80ea49503,6
054d7c00-108f-11e5-b0bb-ad0f9bbf48fc,ba23a880-0150-11e7-bb19-0c0012efbe30,6
9410ed00-15c4-11e7-99bc-b567736e1d6d,77d46880-072d-11e5-83f8-b22ab9ace9d2,6
9410ed00-15c4-11e7-99bc-b567736e1d6d,b2d71000-0bf5-11e5-aefa-2761c1c51b4b,6
9410ed00-15c4-11e7-99bc-b567736e1d6d,1dbbd780-71e4-11e5-aa5a-08dc3492ac1a,6
9410ed00-15c4-11e7-99bc-b567736e1d6d,32e79a80-a745-11e6-bc61-14fce9447012,6
9410ed00-15c4-11e7-99bc-b567736e1d6d,799d8a00-ef18-11e6-8ac3-83ae8992b59d,6
a0066600-4404-11e5-ac82-ae406cd0e6c8,f2d3b080-b661-11e4-944c-1f9982fd525d,5
a0066600-4404-11e5-ac82-ae406cd0e6c8,5da2dd00-b69e-11e4-a3c1-252b115a14f8,5
a0066600-4404-11e5-ac82-ae406cd0e6c8,35e0d380-d0a7-11e4-9f63-0d398104b025,5
a0066600-4404-11e5-ac82-ae406cd0e6c8,b2254300-1386-11e5-8be3-4b11c68ded7a,5
a0066600-4404-11e5-ac82-ae406cd0e6c8,ee7be980-6b97-11e5-8207-b31dacfeed77,5
a0066600-4404-11e5-ac82-ae406cd0e6c8,54ccbc80-bb36-11e5-9d4b-956006a8c68d,5
a0066600-4404-11e5-ac82-ae406cd0e6c8,2b930300-4c23-11e6-9090-51bca1f46f93,6
a0066600-4404-11e5-ac82-ae406cd0e6c8,8fa22d80-5a51-11e6-bec5-250a623d7835,6
a0066600-4404-11e5-ac82-ae406cd0e6c8,30007f00-66ed-11e6-857f-3a519f95dce1,5
a0066600-4404-11e5-ac82-ae406cd0e6c8,79bfd100-6a2f-11e6-9ad7-93bb5a51ead3,6
a0066600-4404-11e5-ac82-ae406cd0e6c8,cae3fa80-777b-11e6-9738-b343125580db,11
a0066600-4404-11e5-ac82-ae406cd0e6c8,a5b5a100-8bee-11e6-86d5-e38632a7a2f3,6
ba23a880-0150-11e7-bb19-0c0012efbe30,cc4f4580-c063-11e4-8fee-bb83bce6af3c,6
ba23a880-0150-11e7-bb19-0c0012efbe30,a05d1400-f972-11e4-809c-bcc94e880ed1,6
ba23a880-0150-11e7-bb19-0c0012efbe30,054d7c00-108f-11e5-b0bb-ad0f9bbf48fc,6
ba23a880-0150-11e7-bb19-0c0012efbe30,d6f61080-163b-11e5-862e-d900258a186f,4
ba23a880-0150-11e7-bb19-0c0012efbe30,8051df80-6969-11e5-9f7b-4732a5da9ae0,4
ba23a880-0150-11e7-bb19-0c0012efbe30,b10c0380-91b9-11e5-8244-089abed2d2d2,4
ba23a880-0150-11e7-bb19-0c0012efbe30,5255d800-c9fb-11e5-b9a6-71633a4dd8ab,5
ba23a880-0150-11e7-bb19-0c0012efbe30,68ce0180-05f0-11e6-a1c4-18fe29315529,5
ba23a880-0150-11e7-bb19-0c0012efbe30,ae4e0b00-1168-11e6-9ef2-209a8afd1be9,5
ba23a880-0150-11e7-bb19-0c0012efbe30,b99e6900-1ded-11e6-9673-c938f540054a,6
ba23a880-0150-11e7-bb19-0c0012efbe30,06b73980-7de6-11e6-bec8-194c88e9da2b,2
ba23a880-0150-11e7-bb19-0c0012efbe30,2fd44e80-833f-11e6-9d64-1fd80ea49503,11
8f70b800-ead9-11e5-879a-67118684befd,35e0d380-d0a7-11e4-9f63-0d398104b025,6
8f70b800-ead9-11e5-879a-67118684befd,77d46880-072d-11e5-83f8-b22ab9ace9d2,6
8f70b800-ead9-11e5-879a-67118684befd,68ce0180-05f0-11e6-a1c4-18fe29315529,6
8f70b800-ead9-11e5-879a-67118684befd,30007f00-66ed-11e6-857f-3a519f95dce1,6
8f70b800-ead9-11e5-879a-67118684befd,692bcf80-6fc8-11e6-9c14-5f5253587281,6
70b9f880-d288-11e6-b126-0535e17ec5c9,b2d71000-0bf5-11e5-aefa-2761c1c51b4b,4
70b9f880-d288-11e6-b126-0535e17ec5c9,c2137480-dda7-11e5-8ce2-8243739b73d7,3
70b9f880-d288-11e6-b126-0535e17ec5c9,89f1c700-ed92-11e5-b32a-95e53011b70b,4
70b9f880-d288-11e6-b126-0535e17ec5c9,54c24e00-0a8f-11e6-86b1-210704a2a273,4
70b9f880-d288-11e6-b126-0535e17ec5c9,e3dbd980-1a2f-11e6-bcb1-c1bd91b1e760,3
70b9f880-d288-11e6-b126-0535e17ec5c9,b99e6900-1ded-11e6-9673-c938f540054a,4
70b9f880-d288-11e6-b126-0535e17ec5c9,a5b5a100-8bee-11e6-86d5-e38632a7a2f3,4
70b9f880-d288-11e6-b126-0535e17ec5c9,71b8af00-979c-11e6-8119-33fd12640fa6,4
95615700-2720-11e6-a97e-e9ad2cecd7fc,23a35d80-58b2-11e5-be45-8ea58872a947,5
95615700-2720-11e6-a97e-e9ad2cecd7fc,06b73980-7de6-11e6-bec8-194c88e9da2b,5
95615700-2720-11e6-a97e-e9ad2cecd7fc,a5b5a100-8bee-11e6-86d5-e38632a7a2f3,5
95615700-2720-11e6-a97e-e9ad2cecd7fc,6ca2ef00-9f56-11e6-b309-c8f8ac45a4a4,5
0d82e700-0e1a-11e6-af15-5b6b280f05fa,1dbbd780-71e4-11e5-aa5a-08dc3492ac1a,6
0d82e700-0e1a-11e6-af15-5b6b280f05fa,f41d2100-c0ed-11e5-88ef-3f4bc510e51f,6
0d82e700-0e1a-11e6-af15-5b6b280f05fa,c2137480-dda7-11e5-8ce2-8243739b73d7,6
0d82e700-0e1a-11e6-af15-5b6b280f05fa,999bad00-3460-11e6-bfcd-c076867d1cfb,6
0d82e700-0e1a-11e6-af15-5b6b280f05fa,5c9e8500-b9c4-11e6-a278-ebac169b741b,6
936ff500-af2b-11e4-8b86-d32462e7289a,a3664f80-77c6-11e6-adb6-8faffaff5d86,2
86c46e00-5f0a-11e5-bf0e-669bc61c9e84,35e0d380-d0a7-11e4-9f63-0d398104b025,5
86c46e00-5f0a-11e5-bf0e-669bc61c9e84,60f18c80-1509-11e5-b328-c8e2e0b2be5f,6
86c46e00-5f0a-11e5-bf0e-669bc61c9e84,d6f61080-163b-11e5-862e-d900258a186f,6
86c46e00-5f0a-11e5-bf0e-669bc61c9e84,54ccbc80-bb36-11e5-9d4b-956006a8c68d,5
86c46e00-5f0a-11e5-bf0e-669bc61c9e84,5255d800-c9fb-11e5-b9a6-71633a4dd8ab,6
86c46e00-5f0a-11e5-bf0e-669bc61c9e84,c65f7c80-d327-11e5-b92d-7e1171d66ccb,4
86c46e00-5f0a-11e5-bf0e-669bc61c9e84,c2137480-dda7-11e5-8ce2-8243739b73d7,10
86c46e00-5f0a-11e5-bf0e-669bc61c9e84,ae4e0b00-1168-11e6-9ef2-209a8afd1be9,5
86c46e00-5f0a-11e5-bf0e-669bc61c9e84,2b930300-4c23-11e6-9090-51bca1f46f93,5
86c46e00-5f0a-11e5-bf0e-669bc61c9e84,ebdd6c00-6f81-11e6-ac5f-f19f27fb34f3,4
86c46e00-5f0a-11e5-bf0e-669bc61c9e84,c0f46600-d175-11e6-af8a-8870a961368a,6
54ccbc80-bb36-11e5-9d4b-956006a8c68d,f2d3b080-b661-11e4-944c-1f9982fd525d,5
54ccbc80-bb36-11e5-9d4b-956006a8c68d,5da2dd00-b69e-11e4-a3c1-252b115a14f8,5
54ccbc80-bb36-11e5-9d4b-956006a8c68d,35e0d380-d0a7-11e4-9f63-0d398104b025,5
54ccbc80-bb36-11e5-9d4b-956006a8c68d,af88eb00-3187-11e5-b694-c292beae2888,5
54ccbc80-bb36-11e5-9d4b-956006a8c68d,a0066600-4404-11e5-ac82-ae406cd0e6c8,5
54ccbc80-bb36-11e5-9d4b-956006a8c68d,e6e35b00-4e09-11e5-8e6f-044cf2bc3283,5
54ccbc80-bb36-11e5-9d4b-956006a8c68d,86c46e00-5f0a-11e5-bf0e-669bc61c9e84,5
54ccbc80-bb36-11e5-9d4b-956006a8c68d,ae4e0b00-1168-11e6-9ef2-209a8afd1be9,5
54ccbc80-bb36-11e5-9d4b-956006a8c68d,2b930300-4c23-11e6-9090-51bca1f46f93,10
54ccbc80-bb36-11e5-9d4b-956006a8c68d,cae3fa80-777b-11e6-9738-b343125580db,5
54ccbc80-bb36-11e5-9d4b-956006a8c68d,1e319400-0259-11e7-b15e-6c8537ebd16e,5
dfb1ff80-0f0f-11e7-8e0f-1be029378808,f2d3b080-b661-11e4-944c-1f9982fd525d,5
dfb1ff80-0f0f-11e7-8e0f-1be029378808,b2254300-1386-11e5-8be3-4b11c68ded7a,5
dfb1ff80-0f0f-11e7-8e0f-1be029378808,60f18c80-1509-11e5-b328-c8e2e0b2be5f,5
dfb1ff80-0f0f-11e7-8e0f-1be029378808,d1932480-ad48-11e5-b39e-9e460d6e05d3,5
dfb1ff80-0f0f-11e7-8e0f-1be029378808,c8030580-1953-11e6-878e-2e3f1a130028,5
dfb1ff80-0f0f-11e7-8e0f-1be029378808,98b17800-6aae-11e6-8c98-1e2a1152da96,5
dfb1ff80-0f0f-11e7-8e0f-1be029378808,ebdd6c00-6f81-11e6-ac5f-f19f27fb34f3,5
dfb1ff80-0f0f-11e7-8e0f-1be029378808,a3664f80-77c6-11e6-adb6-8faffaff5d86,5
35bc2180-cf60-11e5-9e26-d650f2990c7c,2f1beb80-d501-11e4-b7d8-3210c009407d,3
35bc2180-cf60-11e5-9e26-d650f2990c7c,5c9e8500-b9c4-11e6-a278-ebac169b741b,3
8dba0580-7855-11e5-bf0a-c4d5c4ea4ddd,b2254300-1386-11e5-8be3-4b11c68ded7a,6
8dba0580-7855-11e5-bf0a-c4d5c4ea4ddd,43fa6580-6756-11e5-831c-0e7497a78dc9,6
8dba0580-7855-11e5-bf0a-c4d5c4ea4ddd,7916dd80-88e8-11e5-bcc3-2eea3f4b0271,5
8dba0580-7855-11e5-bf0a-c4d5c4ea4ddd,f5f09200-0779-11e6-8850-b263b0132e40,5
8dba0580-7855-11e5-bf0a-c4d5c4ea4ddd,939cac00-08b5-11e6-89f6-2d1c116d989e,11
8dba0580-7855-11e5-bf0a-c4d5c4ea4ddd,4373b000-6da7-11e6-9d28-07600e09f4fa,6
8dba0580-7855-11e5-bf0a-c4d5c4ea4ddd,a5b5a100-8bee-11e6-86d5-e38632a7a2f3,6
8dba0580-7855-11e5-bf0a-c4d5c4ea4ddd,32e79a80-a745-11e6-bc61-14fce9447012,5
16ca0280-bbf8-11e6-b1fb-d5cab5d26627,b2098a80-c17d-11e4-b554-7eee90f74c0d,3
16ca0280-bbf8-11e6-b1fb-d5cab5d26627,8b1f3900-e5c7-11e5-861e-f2fd547b8298,3
71b8af00-979c-11e6-8119-33fd12640fa6,77348000-cefb-11e4-922d-5b202761d597,3
71b8af00-979c-11e6-8119-33fd12640fa6,b2d71000-0bf5-11e5-aefa-2761c1c51b4b,4
71b8af00-979c-11e6-8119-33fd12640fa6,f41d2100-c0ed-11e5-88ef-3f4bc510e51f,5
71b8af00-979c-11e6-8119-33fd12640fa6,ae4e0b00-1168-11e6-9ef2-209a8afd1be9,5
71b8af00-979c-11e6-8119-33fd12640fa6,b99e6900-1ded-11e6-9673-c938f540054a,4
71b8af00-979c-11e6-8119-33fd12640fa6,30007f00-66ed-11e6-857f-3a519f95dce1,8
71b8af00-979c-11e6-8119-33fd12640fa6,70b9f880-d288-11e6-b126-0535e17ec5c9,4
71b8af00-979c-11e6-8119-33fd12640fa6,e111ad80-eb97-11e6-ba3a-2865505814a6,5
1e1b6380-d1fd-11e4-936b-a9109c2aa30f,1dbbd780-71e4-11e5-aa5a-08dc3492ac1a,3
1e1b6380-d1fd-11e4-936b-a9109c2aa30f,7916dd80-88e8-11e5-bcc3-2eea3f4b0271,3
1e1b6380-d1fd-11e4-936b-a9109c2aa30f,5255d800-c9fb-11e5-b9a6-71633a4dd8ab,3
1e1b6380-d1fd-11e4-936b-a9109c2aa30f,79bfd100-6a2f-11e6-9ad7-93bb5a51ead3,3
a5b5a100-8bee-11e6-86d5-e38632a7a2f3,f2d3b080-b661-11e4-944c-1f9982fd525d,4
a5b5a100-8bee-11e6-86d5-e38632a7a2f3,b2254300-1386-11e5-8be3-4b11c68ded7a,6
a5b5a100-8bee-11e6-86d5-e38632a7a2f3,a0066600-4404-11e5-ac82-ae406cd0e6c8,6
a5b5a100-8bee-11e6-86d5-e38632a7a2f3,23a35d80-58b2-11e5-be45-8ea58872a947,5
a5b5a100-8bee-11e6-86d5-e38632a7a2f3,43fa6580-6756-11e5-831c-0e7497a78dc9,6
a5b5a100-8bee-11e6-86d5-e38632a7a2f3,8dba0580-7855-11e5-bf0a-c4d5c4ea4ddd,6
a5b5a100-8bee-11e6-86d5-e38632a7a2f3,89f1c700-ed92-11e5-b32a-95e53011b70b,4
a5b5a100-8bee-11e6-86d5-e38632a7a2f3,939cac00-08b5-11e6-89f6-2d1c116d989e,6
a5b5a100-8bee-11e6-86d5-e38632a7a2f3,54c24e00-0a8f-11e6-86b1-210704a2a273,4
a5b5a100-8bee-11e6-86d5-e38632a7a2f3,ae4e0b00-1168-11e6-9ef2-209a8afd1be9,4
a5b5a100-8bee-11e6-86d5-e38632a7a2f3,95615700-2720-11e6-a97e-e9ad2cecd7fc,5
a5b5a100-8bee-11e6-86d5-e38632a7a2f3,2b930300-4c23-11e6-9090-51bca1f46f93,6
a5b5a100-8bee-11e6-86d5-e38632a7a2f3,8fa22d80-5a51-11e6-bec5-250a623d7835,6
a5b5a100-8bee-11e6-86d5-e38632a7a2f3,79bfd100-6a2f-11e6-9ad7-93bb5a51ead3,6
a5b5a100-8bee-11e6-86d5-e38632a7a2f3,4373b000-6da7-11e6-9d28-07600e09f4fa,6
a5b5a100-8bee-11e6-86d5-e38632a7a2f3,cae3fa80-777b-11e6-9738-b343125580db,6
a5b5a100-8bee-11e6-86d5-e38632a7a2f3,06b73980-7de6-11e6-bec8-194c88e9da2b,5
a5b5a100-8bee-11e6-86d5-e38632a7a2f3,6ca2ef00-9f56-11e6-b309-c8f8ac45a4a4,11
a5b5a100-8bee-11e6-86d5-e38632a7a2f3,70b9f880-d288-11e6-b126-0535e17ec5c9,4
79bfd100-6a2f-11e6-9ad7-93bb5a51ead3,1e1b6380-d1fd-11e4-936b-a9109c2aa30f,3
79bfd100-6a2f-11e6-9ad7-93bb5a51ead3,a0066600-4404-11e5-ac82-ae406cd0e6c8,6
79bfd100-6a2f-11e6-9ad7-93bb5a51ead3,7916dd80-88e8-11e5-bcc3-2eea3f4b0271,3
79bfd100-6a2f-11e6-9ad7-93bb5a51ead3,2b930300-4c23-11e6-9090-51bca1f46f93,6
79bfd100-6a2f-11e6-9ad7-93bb5a51ead3,8fa22d80-5a51-11e6-bec5-250a623d7835,6
79bfd100-6a2f-11e6-9ad7-93bb5a51ead3,ec70c200-773a-11e6-b5b1-122f4b2a2426,3
79bfd100-6a2f-11e6-9ad7-93bb5a51ead3,cae3fa80-777b-11e6-9738-b343125580db,9
79bfd100-6a2f-11e6-9ad7-93bb5a51ead3,a5b5a100-8bee-11e6-86d5-e38632a7a2f3,6
bb5b8380-9f6c-11e6-b4c2-c6004815a3d9,f5f09200-0779-11e6-8850-b263b0132e40,3
bb5b8380-9f6c-11e6-b4c2-c6004815a3d9,54c24e00-0a8f-11e6-86b1-210704a2a273,2
bb5b8380-9f6c-11e6-b4c2-c6004815a3d9,98b17800-6aae-11e6-8c98-1e2a1152da96,3
692bcf80-6fc8-11e6-9c14-5f5253587281,35e0d380-d0a7-11e4-9f63-0d398104b025,6
692bcf80-6fc8-11e6-9c14-5f5253587281,77d46880-072d-11e5-83f8-b22ab9ace9d2,12
692bcf80-6fc8-11e6-9c14-5f5253587281,b2d71000-0bf5-11e5-aefa-2761c1c51b4b,6
692bcf80-6fc8-11e6-9c14-5f5253587281,60f18c80-1509-11e5-b328-c8e2e0b2be5f,6
692bcf80-6fc8-11e6-9c14-5f5253587281,c65f7c80-d327-11e5-b92d-7e1171d66ccb,6
692bcf80-6fc8-11e6-9c14-5f5253587281,c2137480-dda7-11e5-8ce2-8243739b73d7,12
692bcf80-6fc8-11e6-9c14-5f5253587281,8f70b800-ead9-11e5-879a-67118684befd,6
692bcf80-6fc8-11e6-9c14-5f5253587281,68ce0180-05f0-11e6-a1c4-18fe29315529,6
692bcf80-6fc8-11e6-9c14-5f5253587281,b99e6900-1ded-11e6-9673-c938f540054a,6
692bcf80-6fc8-11e6-9c14-5f5253587281,874dad80-621c-11e6-8a27-fc759d922773,6
692bcf80-6fc8-11e6-9c14-5f5253587281,30007f00-66ed-11e6-857f-3a519f95dce1,6
692bcf80-6fc8-11e6-9c14-5f5253587281,e111ad80-eb97-11e6-ba3a-2865505814a6,6
692bcf80-6fc8-11e6-9c14-5f5253587281,bf935300-f0bc-11e6-a458-23b53adc98fa,6
939cac00-08b5-11e6-89f6-2d1c116d989e,cc4f4580-c063-11e4-8fee-bb83bce6af3c,5
939cac00-08b5-11e6-89f6-2d1c116d989e,77348000-cefb-11e4-922d-5b202761d597,4
939cac00-08b5-11e6-89f6-2d1c116d989e,b2254300-1386-11e5-8be3-4b11c68ded7a,6
939cac00-08b5-11e6-89f6-2d1c116d989e,43fa6580-6756-11e5-831c-0e7497a78dc9,6
939cac00-08b5-11e6-89f6-2d1c116d989e,8dba0580-7855-11e5-bf0a-c4d5c4ea4ddd,11
939cac00-08b5-11e6-89f6-2d1c116d989e,7916dd80-88e8-11e5-bcc3-2eea3f4b0271,5
939cac00-08b5-11e6-89f6-2d1c116d989e,f41d2100-c0ed-11e5-88ef-3f4bc510e51f,8
939cac00-08b5-11e6-89f6-2d1c116d989e,c65f7c80-d327-11e5-b92d-7e1171d66ccb,5
939cac00-08b5-11e6-89f6-2d1c116d989e,c2137480-dda7-11e5-8ce2-8243739b73d7,9
939cac00-08b5-11e6-89f6-2d1c116d989e,f5f09200-0779-11e6-8850-b263b0132e40,5
939cac00-08b5-11e6-89f6-2d1c116d989e,8fa22d80-5a51-11e6-bec5-250a623d7835,5
939cac00-08b5-11e6-89f6-2d1c116d989e,874dad80-621c-11e6-8a27-fc759d922773,4
939cac00-08b5-11e6-89f6-2d1c116d989e,4373b000-6da7-11e6-9d28-07600e09f4fa,6
939cac00-08b5-11e6-89f6-2d1c116d989e,ebdd6c00-6f81-11e6-ac5f-f19f27fb34f3,4
939cac00-08b5-11e6-89f6-2d1c116d989e,a5b5a100-8bee-11e6-86d5-e38632a7a2f3,6
939cac00-08b5-11e6-89f6-2d1c116d989e,32e79a80-a745-11e6-bc61-14fce9447012,5
874dad80-621c-11e6-8a27-fc759d922773,77d46880-072d-11e5-83f8-b22ab9ace9d2,6
874dad80-621c-11e6-8a27-fc759d922773,b2d71000-0bf5-11e5-aefa-2761c1c51b4b,6
874dad80-621c-11e6-8a27-fc759d922773,f41d2100-c0ed-11e5-88ef-3f4bc510e51f,4
874dad80-621c-11e6-8a27-fc759d922773,c2137480-dda7-11e5-8ce2-8243739b73d7,6
874dad80-621c-11e6-8a27-fc759d922773,939cac00-08b5-11e6-89f6-2d1c116d989e,4
874dad80-621c-11e6-8a27-fc759d922773,b99e6900-1ded-11e6-9673-c938f540054a,6
874dad80-621c-11e6-8a27-fc759d922773,ebdd6c00-6f81-11e6-ac5f-f19f27fb34f3,4
874dad80-621c-11e6-8a27-fc759d922773,692bcf80-6fc8-11e6-9c14-5f5253587281,6
a3664f80-77c6-11e6-adb6-8faffaff5d86,936ff500-af2b-11e4-8b86-d32462e7289a,2
a3664f80-77c6-11e6-adb6-8faffaff5d86,d6f61080-163b-11e5-862e-d900258a186f,2
a3664f80-77c6-11e6-adb6-8faffaff5d86,c8030580-1953-11e6-878e-2e3f1a130028,5
a3664f80-77c6-11e6-adb6-8faffaff5d86,98b17800-6aae-11e6-8c98-1e2a1152da96,5
a3664f80-77c6-11e6-adb6-8faffaff5d86,ebdd6c00-6f81-11e6-ac5f-f19f27fb34f3,5
a3664f80-77c6-11e6-adb6-8faffaff5d86,fb621e00-d2af-11e6-8300-17a2f6785739,2
a3664f80-77c6-11e6-adb6-8faffaff5d86,dfb1ff80-0f0f-11e7-8e0f-1be029378808,5
6c377000-1557-11e7-a924-57ef8eecaa17,cc4f4580-c063-11e4-8fee-bb83bce6af3c,2
6c377000-1557-11e7-a924-57ef8eecaa17,d50bd880-2220-11e6-b3f6-fbdb914f96d8,3
6c377000-1557-11e7-a924-57ef8eecaa17,1e319400-0259-11e7-b15e-6c8537ebd16e,3
8b1f3900-e5c7-11e5-861e-f2fd547b8298,cc4f4580-c063-11e4-8fee-bb83bce6af3c,6
8b1f3900-e5c7-11e5-861e-f2fd547b8298,b2098a80-c17d-11e4-b554-7eee90f74c0d,3
8b1f3900-e5c7-11e5-861e-f2fd547b8298,37ddb480-3c8d-11e5-bfb8-d953b3e2da69,3
8b1f3900-e5c7-11e5-861e-f2fd547b8298,6c5f3380-7993-11e5-a7c5-81772d310f76,6
8b1f3900-e5c7-11e5-861e-f2fd547b8298,89f1c700-ed92-11e5-b32a-95e53011b70b,6
8b1f3900-e5c7-11e5-861e-f2fd547b8298,68ce0180-05f0-11e6-a1c4-18fe29315529,6
8b1f3900-e5c7-11e5-861e-f2fd547b8298,e3dbd980-1a2f-11e6-bcb1-c1bd91b1e760,3
8b1f3900-e5c7-11e5-861e-f2fd547b8298,ec70c200-773a-11e6-b5b1-122f4b2a2426,6
8b1f3900-e5c7-11e5-861e-f2fd547b8298,6ca2ef00-9f56-11e6-b309-c8f8ac45a4a4,3
8b1f3900-e5c7-11e5-861e-f2fd547b8298,16ca0280-bbf8-11e6-b1fb-d5cab5d26627,3
8b1f3900-e5c7-11e5-861e-f2fd547b8298,fb621e00-d2af-11e6-8300-17a2f6785739,3
3cac2380-0c75-11e6-9189-e52d05b4f2c6,054d7c00-108f-11e5-b0bb-ad0f9bbf48fc,4
3cac2380-0c75-11e6-9189-e52d05b4f2c6,ae002400-333b-11e5-8381-39cbb64d2104,4
3cac2380-0c75-11e6-9189-e52d05b4f2c6,31caee80-4e72-11e6-9fbd-36023c580c58,4
ae002400-333b-11e5-8381-39cbb64d2104,054d7c00-108f-11e5-b0bb-ad0f9bbf48fc,4
ae002400-333b-11e5-8381-39cbb64d2104,3cac2380-0c75-11e6-9189-e52d05b4f2c6,4
ae002400-333b-11e5-8381-39cbb64d2104,31caee80-4e72-11e6-9fbd-36023c580c58,4
32e79a80-a745-11e6-bc61-14fce9447012,77d46880-072d-11e5-83f8-b22ab9ace9d2,6
32e79a80-a745-11e6-bc61-14fce9447012,b2d71000-0bf5-11e5-aefa-2761c1c51b4b,6
32e79a80-a745-11e6-bc61-14fce9447012,1dbbd780-71e4-11e5-aa5a-08dc3492ac1a,6
32e79a80-a745-11e6-bc61-14fce9447012,8dba0580-7855-11e5-bf0a-c4d5c4ea4ddd,5
32e79a80-a745-11e6-bc61-14fce9447012,6c5f3380-7993-11e5-a7c5-81772d310f76,3
32e79a80-a745-11e6-bc61-14fce9447012,7916dd80-88e8-11e5-bcc3-2eea3f4b0271,5
32e79a80-a745-11e6-bc61-14fce9447012,f5f09200-0779-11e6-8850-b263b0132e40,5
32e79a80-a745-11e6-bc61-14fce9447012,939cac00-08b5-11e6-89f6-2d1c116d989e,5
32e79a80-a745-11e6-bc61-14fce9447012,06b73980-7de6-11e6-bec8-194c88e9da2b,3
32e79a80-a745-11e6-bc61-14fce9447012,799d8a00-ef18-11e6-8ac3-83ae8992b59d,6
32e79a80-a745-11e6-bc61-14fce9447012,9410ed00-15c4-11e7-99bc-b567736e1d6d,6
eca6a080-934f-11e4-9fb6-a0bce7c5347a,77348000-cefb-11e4-922d-5b202761d597,6
eca6a080-934f-11e4-9fb6-a0bce7c5347a,2b930300-4c23-11e6-9090-51bca1f46f93,6
eca6a080-934f-11e4-9fb6-a0bce7c5347a,a93c4980-6d5f-11e6-9083-0bba6972236f,6
eca6a080-934f-11e4-9fb6-a0bce7c5347a,ebdd6c00-6f81-11e6-ac5f-f19f27fb34f3,6
eca6a080-934f-11e4-9fb6-a0bce7c5347a,45c9dc00-ca20-11e6-aff9-41ff848969df,6
f41d2100-c0ed-11e5-88ef-3f4bc510e51f,77348000-cefb-11e4-922d-5b202761d597,4
f41d2100-c0ed-11e5-88ef-3f4bc510e51f,1dbbd780-71e4-11e5-aa5a-08dc3492ac1a,6
f41d2100-c0ed-11e5-88ef-3f4bc510e51f,c2137480-dda7-11e5-8ce2-8243739b73d7,10
f41d2100-c0ed-11e5-88ef-3f4bc510e51f,939cac00-08b5-11e6-89f6-2d1c116d989e,8
f41d2100-c0ed-11e5-88ef-3f4bc510e51f,0d82e700-0e1a-11e6-af15-5b6b280f05fa,6
f41d2100-c0ed-11e5-88ef-3f4bc510e51f,ae4e0b00-1168-11e6-9ef2-209a8afd1be9,5
f41d2100-c0ed-11e5-88ef-3f4bc510e51f,999bad00-3460-11e6-bfcd-c076867d1cfb,6
f41d2100-c0ed-11e5-88ef-3f4bc510e51f,874dad80-621c-11e6-8a27-fc759d922773,4
f41d2100-c0ed-11e5-88ef-3f4bc510e51f,30007f00-66ed-11e6-857f-3a519f95dce1,5
f41d2100-c0ed-11e5-88ef-3f4bc510e51f,ebdd6c00-6f81-11e6-ac5f-f19f27fb34f3,4
f41d2100-c0ed-11e5-88ef-3f4bc510e51f,71b8af00-979c-11e6-8119-33fd12640fa6,5
f41d2100-c0ed-11e5-88ef-3f4bc510e51f,5c9e8500-b9c4-11e6-a278-ebac169b741b,6
f41d2100-c0ed-11e5-88ef-3f4bc510e51f,e111ad80-eb97-11e6-ba3a-2865505814a6,5
2b930300-4c23-11e6-9090-51bca1f46f93,eca6a080-934f-11e4-9fb6-a0bce7c5347a,6
2b930300-4c23-11e6-9090-51bca1f46f93,5da2dd00-b69e-11e4-a3c1-252b115a14f8,5
2b930300-4c23-11e6-9090-51bca1f46f93,77348000-cefb-11e4-922d-5b202761d597,6
2b930300-4c23-11e6-9090-51bca1f46f93,35e0d380-d0a7-11e4-9f63-0d398104b025,5
2b930300-4c23-11e6-9090-51bca1f46f93,af88eb00-3187-11e5-b694-c292beae2888,5
2b930300-4c23-11e6-9090-51bca1f46f93,a0066600-4404-11e5-ac82-ae406cd0e6c8,6
2b930300-4c23-11e6-9090-51bca1f46f93,e6e35b00-4e09-11e5-8e6f-044cf2bc3283,5
2b930300-4c23-11e6-9090-51bca1f46f93,86c46e00-5f0a-11e5-bf0e-669bc61c9e84,5
2b930300-4c23-11e6-9090-51bca1f46f93,54ccbc80-bb36-11e5-9d4b-956006a8c68d,10
2b930300-4c23-11e6-9090-51bca1f46f93,ae4e0b00-1168-11e6-9ef2-209a8afd1be9,5
2b930300-4c23-11e6-9090-51bca1f46f93,e3dbd980-1a2f-11e6-bcb1-c1bd91b1e760,5
2b930300-4c23-11e6-9090-51bca1f46f93,999bad00-3460-11e6-bfcd-c076867d1cfb,5
2b930300-4c23-11e6-9090-51bca1f46f93,31caee80-4e72-11e6-9fbd-36023c580c58,5
2b930300-4c23-11e6-9090-51bca1f46f93,8fa22d80-5a51-11e6-bec5-250a623d7835,6
2b930300-4c23-11e6-9090-51bca1f46f93,79bfd100-6a2f-11e6-9ad7-93bb5a51ead3,6
2b930300-4c23-11e6-9090-51bca1f46f93,a93c4980-6d5f-11e6-9083-0bba6972236f,6
2b930300-4c23-11e6-9090-51bca1f46f93,ebdd6c00-6f81-11e6-ac5f-f19f27fb34f3,6
2b930300-4c23-11e6-9090-51bca1f46f93,cae3fa80-777b-11e6-9738-b343125580db,6
2b930300-4c23-11e6-9090-51bca1f46f93,a5b5a100-8bee-11e6-86d5-e38632a7a2f3,6
2b930300-4c23-11e6-9090-51bca1f46f93,45c9dc00-ca20-11e6-aff9-41ff848969df,6
2b930300-4c23-11e6-9090-51bca1f46f93,1e319400-0259-11e7-b15e-6c8537ebd16e,5
af88eb00-3187-11e5-b694-c292beae2888,e6e35b00-4e09-11e5-8e6f-044cf2bc3283,5
af88eb00-3187-11e5-b694-c292beae2888,54ccbc80-bb36-11e5-9d4b-956006a8c68d,5
af88eb00-3187-11e5-b694-c292beae2888,ae4e0b00-1168-11e6-9ef2-209a8afd1be9,2
af88eb00-3187-11e5-b694-c292beae2888,2b930300-4c23-11e6-9090-51bca1f46f93,5
af88eb00-3187-11e5-b694-c292beae2888,1e319400-0259-11e7-b15e-6c8537ebd16e,5
35e0d380-d0a7-11e4-9f63-0d398104b025,77d46880-072d-11e5-83f8-b22ab9ace9d2,6
35e0d380-d0a7-11e4-9f63-0d398104b025,b2254300-1386-11e5-8be3-4b11c68ded7a,5
35e0d380-d0a7-11e4-9f63-0d398104b025,a0066600-4404-11e5-ac82-ae406cd0e6c8,5
35e0d380-d0a7-11e4-9f63-0d398104b025,86c46e00-5f0a-11e5-bf0e-669bc61c9e84,5
35e0d380-d0a7-11e4-9f63-0d398104b025,ee7be980-6b97-11e5-8207-b31dacfeed77,5
35e0d380-d0a7-11e4-9f63-0d398104b025,54ccbc80-bb36-11e5-9d4b-956006a8c68d,5
35e0d380-d0a7-11e4-9f63-0d398104b025,8f70b800-ead9-11e5-879a-67118684befd,6
35e0d380-d0a7-11e4-9f63-0d398104b025,68ce0180-05f0-11e6-a1c4-18fe29315529,6
35e0d380-d0a7-11e4-9f63-0d398104b025,ae4e0b00-1168-11e6-9ef2-209a8afd1be9,5
35e0d380-d0a7-11e4-9f63-0d398104b025,b99e6900-1ded-11e6-9673-c938f540054a,3
35e0d380-d0a7-11e4-9f63-0d398104b025,2b930300-4c23-11e6-9090-51bca1f46f93,5
35e0d380-d0a7-11e4-9f63-0d398104b025,23dd5080-565e-11e6-9262-ecc9e831c9d3,3
35e0d380-d0a7-11e4-9f63-0d398104b025,30007f00-66ed-11e6-857f-3a519f95dce1,11
35e0d380-d0a7-11e4-9f63-0d398104b025,692bcf80-6fc8-11e6-9c14-5f5253587281,6
31caee80-4e72-11e6-9fbd-36023c580c58,5da2dd00-b69e-11e4-a3c1-252b115a14f8,5
31caee80-4e72-11e6-9fbd-36023c580c58,054d7c00-108f-11e5-b0bb-ad0f9bbf48fc,4
31caee80-4e72-11e6-9fbd-36023c580c58,b2254300-1386-11e5-8be3-4b11c68ded7a,4
31caee80-4e72-11e6-9fbd-36023c580c58,ae002400-333b-11e5-8381-39cbb64d2104,4
31caee80-4e72-11e6-9fbd-36023c580c58,43fa6580-6756-11e5-831c-0e7497a78dc9,4
31caee80-4e72-11e6-9fbd-36023c580c58,d1932480-ad48-11e5-b39e-9e460d6e05d3,4
31caee80-4e72-11e6-9fbd-36023c580c58,3cac2380-0c75-11e6-9189-e52d05b4f2c6,4
31caee80-4e72-11e6-9fbd-36023c580c58,e3dbd980-1a2f-11e6-bcb1-c1bd91b1e760,5
31caee80-4e72-11e6-9fbd-36023c580c58,999bad00-3460-11e6-bfcd-c076867d1cfb,5
31caee80-4e72-11e6-9fbd-36023c580c58,2b930300-4c23-11e6-9090-51bca1f46f93,5
31caee80-4e72-11e6-9fbd-36023c580c58,e111ad80-eb97-11e6-ba3a-2865505814a6,3
31caee80-4e72-11e6-9fbd-36023c580c58,bf935300-f0bc-11e6-a458-23b53adc98fa,3
98b17800-6aae-11e6-8c98-1e2a1152da96,f5f09200-0779-11e6-8850-b263b0132e40,3
98b17800-6aae-11e6-8c98-1e2a1152da96,c8030580-1953-11e6-878e-2e3f1a130028,5
98b17800-6aae-11e6-8c98-1e2a1152da96,ebdd6c00-6f81-11e6-ac5f-f19f27fb34f3,5
98b17800-6aae-11e6-8c98-1e2a1152da96,a3664f80-77c6-11e6-adb6-8faffaff5d86,5
98b17800-6aae-11e6-8c98-1e2a1152da96,bb5b8380-9f6c-11e6-b4c2-c6004815a3d9,3
98b17800-6aae-11e6-8c98-1e2a1152da96,dfb1ff80-0f0f-11e7-8e0f-1be029378808,5
c8030580-1953-11e6-878e-2e3f1a130028,b2098a80-c17d-11e4-b554-7eee90f74c0d,3
c8030580-1953-11e6-878e-2e3f1a130028,98b17800-6aae-11e6-8c98-1e2a1152da96,5
c8030580-1953-11e6-878e-2e3f1a130028,ebdd6c00-6f81-11e6-ac5f-f19f27fb34f3,5
c8030580-1953-11e6-878e-2e3f1a130028,a3664f80-77c6-11e6-adb6-8faffaff5d86,5
c8030580-1953-11e6-878e-2e3f1a130028,06b73980-7de6-11e6-bec8-194c88e9da2b,3
c8030580-1953-11e6-878e-2e3f1a130028,dfb1ff80-0f0f-11e7-8e0f-1be029378808,5
37ddb480-3c8d-11e5-bfb8-d953b3e2da69,f2d3b080-b661-11e4-944c-1f9982fd525d,6
37ddb480-3c8d-11e5-bfb8-d953b3e2da69,cc4f4580-c063-11e4-8fee-bb83bce6af3c,6
37ddb480-3c8d-11e5-bfb8-d953b3e2da69,77d46880-072d-11e5-83f8-b22ab9ace9d2,6
37ddb480-3c8d-11e5-bfb8-d953b3e2da69,8b1f3900-e5c7-11e5-861e-f2fd547b8298,3
37ddb480-3c8d-11e5-bfb8-d953b3e2da69,4373b000-6da7-11e6-9d28-07600e09f4fa,6
37ddb480-3c8d-11e5-bfb8-d953b3e2da69,fb621e00-d2af-11e6-8300-17a2f6785739,9
1e319400-0259-11e7-b15e-6c8537ebd16e,b2d71000-0bf5-11e5-aefa-2761c1c51b4b,4
1e319400-0259-11e7-b15e-6c8537ebd16e,af88eb00-3187-11e5-b694-c292beae2888,5
1e319400-0259-11e7-b15e-6c8537ebd16e,e6e35b00-4e09-11e5-8e6f-044cf2bc3283,5
1e319400-0259-11e7-b15e-6c8537ebd16e,54ccbc80-bb36-11e5-9d4b-956006a8c68d,5
1e319400-0259-11e7-b15e-6c8537ebd16e,d50bd880-2220-11e6-b3f6-fbdb914f96d8,3
1e319400-0259-11e7-b15e-6c8537ebd16e,2b930300-4c23-11e6-9090-51bca1f46f93,5
1e319400-0259-11e7-b15e-6c8537ebd16e,d5ac6d80-960c-11e6-91a1-995bbe4f385a,4
1e319400-0259-11e7-b15e-6c8537ebd16e,799d8a00-ef18-11e6-8ac3-83ae8992b59d,4
1e319400-0259-11e7-b15e-6c8537ebd16e,6c377000-1557-11e7-a924-57ef8eecaa17,3
77348000-cefb-11e4-922d-5b202761d597,eca6a080-934f-11e4-9fb6-a0bce7c5347a,6
77348000-cefb-11e4-922d-5b202761d597,f41d2100-c0ed-11e5-88ef-3f4bc510e51f,4
77348000-cefb-11e4-922d-5b202761d597,c2137480-dda7-11e5-8ce2-8243739b73d7,4
77348000-cefb-11e4-922d-5b202761d597,939cac00-08b5-11e6-89f6-2d1c116d989e,4
77348000-cefb-11e4-922d-5b202761d597,2b930300-4c23-11e6-9090-51bca1f46f93,6
77348000-cefb-11e4-922d-5b202761d597,30007f00-66ed-11e6-857f-3a519f95dce1,3
77348000-cefb-11e4-922d-5b202761d597,a93c4980-6d5f-11e6-9083-0bba6972236f,6
77348000-cefb-11e4-922d-5b202761d597,ebdd6c00-6f81-11e6-ac5f-f19f27fb34f3,6
77348000-cefb-11e4-922d-5b202761d597,71b8af00-979c-11e6-8119-33fd12640fa6,3
77348000-cefb-11e4-922d-5b202761d597,45c9dc00-ca20-11e6-aff9-41ff848969df,6
2fd44e80-833f-11e6-9d64-1fd80ea49503,cc4f4580-c063-11e4-8fee-bb83bce6af3c,6
2fd44e80-833f-11e6-9d64-1fd80ea49503,a05d1400-f972-11e4-809c-bcc94e880ed1,6
2fd44e80-833f-11e6-9d64-1fd80ea49503,054d7c00-108f-11e5-b0bb-ad0f9bbf48fc,6
2fd44e80-833f-11e6-9d64-1fd80ea49503,7916dd80-88e8-11e5-bcc3-2eea3f4b0271,4
2fd44e80-833f-11e6-9d64-1fd80ea49503,5255d800-c9fb-11e5-b9a6-71633a4dd8ab,5
2fd44e80-833f-11e6-9d64-1fd80ea49503,c2137480-dda7-11e5-8ce2-8243739b73d7,4
2fd44e80-833f-11e6-9d64-1fd80ea49503,68ce0180-05f0-11e6-a1c4-18fe29315529,5
2fd44e80-833f-11e6-9d64-1fd80ea49503,ae4e0b00-1168-11e6-9ef2-209a8afd1be9,5
2fd44e80-833f-11e6-9d64-1fd80ea49503,b99e6900-1ded-11e6-9673-c938f540054a,6
2fd44e80-833f-11e6-9d64-1fd80ea49503,4373b000-6da7-11e6-9d28-07600e09f4fa,4
2fd44e80-833f-11e6-9d64-1fd80ea49503,ba23a880-0150-11e7-bb19-0c0012efbe30,11
78519a00-fece-11e5-afa9-f60593fe7266,c3a00200-1c46-11e5-8cfc-52fd3d828e1f,3
78519a00-fece-11e5-afa9-f60593fe7266,d1932480-ad48-11e5-b39e-9e460d6e05d3,3
d1932480-ad48-11e5-b39e-9e460d6e05d3,f2d3b080-b661-11e4-944c-1f9982fd525d,5
d1932480-ad48-11e5-b39e-9e460d6e05d3,b2254300-1386-11e5-8be3-4b11c68ded7a,9
d1932480-ad48-11e5-b39e-9e460d6e05d3,60f18c80-1509-11e5-b328-c8e2e0b2be5f,5
d1932480-ad48-11e5-b39e-9e460d6e05d3,c3a00200-1c46-11e5-8cfc-52fd3d828e1f,3
d1932480-ad48-11e5-b39e-9e460d6e05d3,43fa6580-6756-11e5-831c-0e7497a78dc9,4
d1932480-ad48-11e5-b39e-9e460d6e05d3,78519a00-fece-11e5-afa9-f60593fe7266,3
d1932480-ad48-11e5-b39e-9e460d6e05d3,31caee80-4e72-11e6-9fbd-36023c580c58,4
d1932480-ad48-11e5-b39e-9e460d6e05d3,dfb1ff80-0f0f-11e7-8e0f-1be029378808,5
77d46880-072d-11e5-83f8-b22ab9ace9d2,f2d3b080-b661-11e4-944c-1f9982fd525d,6
77d46880-072d-11e5-83f8-b22ab9ace9d2,cc4f4580-c063-11e4-8fee-bb83bce6af3c,6
77d46880-072d-11e5-83f8-b22ab9ace9d2,35e0d380-d0a7-11e4-9f63-0d398104b025,6
77d46880-072d-11e5-83f8-b22ab9ace9d2,b2d71000-0bf5-11e5-aefa-2761c1c51b4b,12
77d46880-072d-11e5-83f8-b22ab9ace9d2,37ddb480-3c8d-11e5-bfb8-d953b3e2da69,6
77d46880-072d-11e5-83f8-b22ab9ace9d2,1dbbd780-71e4-11e5-aa5a-08dc3492ac1a,6
77d46880-072d-11e5-83f8-b22ab9ace9d2,c2137480-dda7-11e5-8ce2-8243739b73d7,6
77d46880-072d-11e5-83f8-b22ab9ace9d2,8f70b800-ead9-11e5-879a-67118684befd,6
77d46880-072d-11e5-83f8-b22ab9ace9d2,68ce0180-05f0-11e6-a1c4-18fe29315529,6
77d46880-072d-11e5-83f8-b22ab9ace9d2,b99e6900-1ded-11e6-9673-c938f540054a,6
77d46880-072d-11e5-83f8-b22ab9ace9d2,874dad80-621c-11e6-8a27-fc759d922773,6
77d46880-072d-11e5-83f8-b22ab9ace9d2,30007f00-66ed-11e6-857f-3a519f95dce1,6
77d46880-072d-11e5-83f8-b22ab9ace9d2,4373b000-6da7-11e6-9d28-07600e09f4fa,6
77d46880-072d-11e5-83f8-b22ab9ace9d2,692bcf80-6fc8-11e6-9c14-5f5253587281,12
77d46880-072d-11e5-83f8-b22ab9ace9d2,32e79a80-a745-11e6-bc61-14fce9447012,6
77d46880-072d-11e5-83f8-b22ab9ace9d2,fb621e00-d2af-11e6-8300-17a2f6785739,6
77d46880-072d-11e5-83f8-b22ab9ace9d2,799d8a00-ef18-11e6-8ac3-83ae8992b59d,6
77d46880-072d-11e5-83f8-b22ab9ace9d2,9410ed00-15c4-11e7-99bc-b567736e1d6d,6
8fa22d80-5a51-11e6-bec5-250a623d7835,cc4f4580-c063-11e4-8fee-bb83bce6af3c,5
8fa22d80-5a51-11e6-bec5-250a623d7835,2f1beb80-d501-11e4-b7d8-3210c009407d,2
8fa22d80-5a51-11e6-bec5-250a623d7835,a0066600-4404-11e5-ac82-ae406cd0e6c8,6
8fa22d80-5a51-11e6-bec5-250a623d7835,c65f7c80-d327-11e5-b92d-7e1171d66ccb,5
8fa22d80-5a51-11e6-bec5-250a623d7835,c2137480-dda7-11e5-8ce2-8243739b73d7,5
8fa22d80-5a51-11e6-bec5-250a623d7835,939cac00-08b5-11e6-89f6-2d1c116d989e,5
8fa22d80-5a51-11e6-bec5-250a623d7835,2b930300-4c23-11e6-9090-51bca1f46f93,6
8fa22d80-5a51-11e6-bec5-250a623d7835,79bfd100-6a2f-11e6-9ad7-93bb5a51ead3,6
8fa22d80-5a51-11e6-bec5-250a623d7835,cae3fa80-777b-11e6-9738-b343125580db,6
8fa22d80-5a51-11e6-bec5-250a623d7835,a5b5a100-8bee-11e6-86d5-e38632a7a2f3,6
ae4e0b00-1168-11e6-9ef2-209a8afd1be9,f2d3b080-b661-11e4-944c-1f9982fd525d,4
ae4e0b00-1168-11e6-9ef2-209a8afd1be9,35e0d380-d0a7-11e4-9f63-0d398104b025,5
ae4e0b00-1168-11e6-9ef2-209a8afd1be9,af88eb00-3187-11e5-b694-c292beae2888,2
ae4e0b00-1168-11e6-9ef2-209a8afd1be9,86c46e00-5f0a-11e5-bf0e-669bc61c9e84,5
ae4e0b00-1168-11e6-9ef2-209a8afd1be9,54ccbc80-bb36-11e5-9d4b-956006a8c68d,5
ae4e0b00-1168-11e6-9ef2-209a8afd1be9,f41d2100-c0ed-11e5-88ef-3f4bc510e51f,5
ae4e0b00-1168-11e6-9ef2-209a8afd1be9,5255d800-c9fb-11e5-b9a6-71633a4dd8ab,5
ae4e0b00-1168-11e6-9ef2-209a8afd1be9,68ce0180-05f0-11e6-a1c4-18fe29315529,5
ae4e0b00-1168-11e6-9ef2-209a8afd1be9,2b930300-4c23-11e6-9090-51bca1f46f93,5
ae4e0b00-1168-11e6-9ef2-209a8afd1be9,30007f00-66ed-11e6-857f-3a519f95dce1,5
ae4e0b00-1168-11e6-9ef2-209a8afd1be9,2fd44e80-833f-11e6-9d64-1fd80ea49503,5
ae4e0b00-1168-11e6-9ef2-209a8afd1be9,a5b5a100-8bee-11e6-86d5-e38632a7a2f3,4
ae4e0b00-1168-11e6-9ef2-209a8afd1be9,71b8af00-979c-11e6-8119-33fd12640fa6,5
ae4e0b00-1168-11e6-9ef2-209a8afd1be9,6ca2ef00-9f56-11e6-b309-c8f8ac45a4a4,4
ae4e0b00-1168-11e6-9ef2-209a8afd1be9,e111ad80-eb97-11e6-ba3a-2865505814a6,5
ae4e0b00-1168-11e6-9ef2-209a8afd1be9,ba23a880-0150-11e7-bb19-0c0012efbe30,5
d5ac6d80-960c-11e6-91a1-995bbe4f385a,b2d71000-0bf5-11e5-aefa-2761c1c51b4b,4
d5ac6d80-960c-11e6-91a1-995bbe4f385a,799d8a00-ef18-11e6-8ac3-83ae8992b59d,4
d5ac6d80-960c-11e6-91a1-995bbe4f385a,1e319400-0259-11e7-b15e-6c8537ebd16e,4
