c2137480-dda7-11e5-8ce2-8243739b73d7,15
d6f61080-163b-11e5-862e-d900258a186f,8
54c24e00-0a8f-11e6-86b1-210704a2a273,5
5c9e8500-b9c4-11e6-a278-ebac169b741b,4
6c5f3380-7993-11e5-a7c5-81772d310f76,3
43fa6580-6756-11e5-831c-0e7497a78dc9,9
b2254300-1386-11e5-8be3-4b11c68ded7a,8
1dbbd780-71e4-11e5-aa5a-08dc3492ac1a,5
e6e35b00-4e09-11e5-8e6f-044cf2bc3283,2
799d8a00-ef18-11e6-8ac3-83ae8992b59d,6
89f1c700-ed92-11e5-b32a-95e53011b70b,10
23a35d80-58b2-11e5-be45-8ea58872a947,5
999bad00-3460-11e6-bfcd-c076867d1cfb,7
6ca2ef00-9f56-11e6-b309-c8f8ac45a4a4,10
8051df80-6969-11e5-9f7b-4732a5da9ae0,6
4373b000-6da7-11e6-9d28-07600e09f4fa,10
b2098a80-c17d-11e4-b554-7eee90f74c0d,6
06b73980-7de6-11e6-bec8-194c88e9da2b,9
a05d1400-f972-11e4-809c-bcc94e880ed1,1
bb066a80-2123-11e5-b4d8-3eecfc1d94b5,5
ee7be980-6b97-11e5-8207-b31dacfeed77,3
cae3fa80-777b-11e6-9738-b343125580db,8
e111ad80-eb97-11e6-ba3a-2865505814a6,6
3f7a5b80-18a6-11e6-8950-a5a91d550621,5
30007f00-66ed-11e6-857f-3a519f95dce1,10
5255d800-c9fb-11e5-b9a6-71633a4dd8ab,5
c0f46600-d175-11e6-af8a-8870a961368a,2
d50bd880-2220-11e6-b3f6-fbdb914f96d8,2
bf935300-f0bc-11e6-a458-23b53adc98fa,4
2f1beb80-d501-11e4-b7d8-3210c009407d,7
b99e6900-1ded-11e6-9673-c938f540054a,8
ebdd6c00-6f81-11e6-ac5f-f19f27fb34f3,13
ec70c200-773a-11e6-b5b1-122f4b2a2426,6
b2d71000-0bf5-11e5-aefa-2761c1c51b4b,8
60f18c80-1509-11e5-b328-c8e2e0b2be5f,5
a93c4980-6d5f-11e6-9083-0bba6972236f,2
cc4f4580-c063-11e4-8fee-bb83bce6af3c,9
23dd5080-565e-11e6-9262-ecc9e831c9d3,1
f5f09200-0779-11e6-8850-b263b0132e40,5
b10c0380-91b9-11e5-8244-089abed2d2d2,3
e3dbd980-1a2f-11e6-bcb1-c1bd91b1e760,5
c65f7c80-d327-11e5-b92d-7e1171d66ccb,8
5da2dd00-b69e-11e4-a3c1-252b115a14f8,3
7916dd80-88e8-11e5-bcc3-2eea3f4b0271,9
fb621e00-d2af-11e6-8300-17a2f6785739,7
c3a00200-1c46-11e5-8cfc-52fd3d828e1f,2
f2d3b080-b661-11e4-944c-1f9982fd525d,9
45c9dc00-ca20-11e6-aff9-41ff848969df,4
68ce0180-05f0-11e6-a1c4-18fe29315529,5
054d7c00-108f-11e5-b0bb-ad0f9bbf48fc,5
9410ed00-15c4-11e7-99bc-b567736e1d6d,3
ba23a880-0150-11e7-bb19-0c0012efbe30,10
a0066600-4404-11e5-ac82-ae406cd0e6c8,5
8f70b800-ead9-11e5-879a-67118684befd,1
70b9f880-d288-11e6-b126-0535e17ec5c9,5
95615700-2720-11e6-a97e-e9ad2cecd7fc,3
0d82e700-0e1a-11e6-af15-5b6b280f05fa,3
936ff500-af2b-11e4-8b86-d32462e7289a,3
86c46e00-5f0a-11e5-bf0e-669bc61c9e84,6
54ccbc80-bb36-11e5-9d4b-956006a8c68d,7
dfb1ff80-0f0f-11e7-8e0f-1be029378808,4
35bc2180-cf60-11e5-9e26-d650f2990c7c,3
8dba0580-7855-11e5-bf0a-c4d5c4ea4ddd,5
16ca0280-bbf8-11e6-b1fb-d5cab5d26627,5
71b8af00-979c-11e6-8119-33fd12640fa6,9
1e1b6380-d1fd-11e4-936b-a9109c2aa30f,5
79bfd100-6a2f-11e6-9ad7-93bb5a51ead3,9
a5b5a100-8bee-11e6-86d5-e38632a7a2f3,15
bb5b8380-9f6c-11e6-b4c2-c6004815a3d9,6
692bcf80-6fc8-11e6-9c14-5f5253587281,4
939cac00-08b5-11e6-89f6-2d1c116d989e,14
874dad80-621c-11e6-8a27-fc759d922773,4
a3664f80-77c6-11e6-adb6-8faffaff5d86,7
6c377000-1557-11e7-a924-57ef8eecaa17,4
8b1f3900-e5c7-11e5-861e-f2fd547b8298,6
ae002400-333b-11e5-8381-39cbb64d2104,1
3cac2380-0c75-11e6-9189-e52d05b4f2c6,2
32e79a80-a745-11e6-bc61-14fce9447012,3
eca6a080-934f-11e4-9fb6-a0bce7c5347a,3
f41d2100-c0ed-11e5-88ef-3f4bc510e51f,8
2b930300-4c23-11e6-9090-51bca1f46f93,12
af88eb00-3187-11e5-b694-c292beae2888,4
35e0d380-d0a7-11e4-9f63-0d398104b025,7
c8030580-1953-11e6-878e-2e3f1a130028,6
31caee80-4e72-11e6-9fbd-36023c580c58,6
98b17800-6aae-11e6-8c98-1e2a1152da96,6
62304280-4fab-11e5-9c50-39b236e6516b,2
37ddb480-3c8d-11e5-bfb8-d953b3e2da69,5
1e319400-0259-11e7-b15e-6c8537ebd16e,6
77348000-cefb-11e4-922d-5b202761d597,4
2fd44e80-833f-11e6-9d64-1fd80ea49503,7
78519a00-fece-11e5-afa9-f60593fe7266,4
8fa22d80-5a51-11e6-bec5-250a623d7835,6
d1932480-ad48-11e5-b39e-9e460d6e05d3,6
77d46880-072d-11e5-83f8-b22ab9ace9d2,8
d5ac6d80-960c-11e6-91a1-995bbe4f385a,1
ae4e0b00-1168-11e6-9ef2-209a8afd1be9,13
